Security Code,Date,Opening Price,High Sale Price,Low Sale Price,Closing Price,Total Volume Traded
DXS,25 Feb 2008,1.68,1.68,1.565,1.575,6217900
DXS,26 Feb 2008,1.66,1.685,1.635,1.65,6978268
DXS,27 Feb 2008,1.7,1.72,1.645,1.7,8310339
DXS,28 Feb 2008,1.695,1.72,1.66,1.695,8115755
DXS,29 Feb 2008,1.68,1.7,1.59,1.675,10067235
DXS,03 Mar 2008,1.64,1.64,1.55,1.56,4812099
DXS,04 Mar 2008,1.59,1.6,1.5,1.555,11789202
DXS,05 Mar 2008,1.605,1.72,1.565,1.59,18464229
DXS,06 Mar 2008,1.62,1.62,1.54,1.575,13780518
DXS,07 Mar 2008,1.55,1.575,1.405,1.48,14684566
DXS,10 Mar 2008,1.495,1.52,1.455,1.49,6128305
DXS,11 Mar 2008,1.49,1.51,1.45,1.51,12403322
DXS,12 Mar 2008,1.58,1.6,1.49,1.51,11290659
DXS,13 Mar 2008,1.525,1.535,1.43,1.5,7313717
DXS,14 Mar 2008,1.535,1.535,1.45,1.49,9384201
DXS,17 Mar 2008,1.475,1.475,1.31,1.33,13613699
DXS,18 Mar 2008,1.375,1.445,1.37,1.405,11686300
DXS,19 Mar 2008,1.46,1.49,1.44,1.47,24260166
DXS,20 Mar 2008,1.44,1.46,1.395,1.425,38237948
DXS,25 Mar 2008,1.52,1.55,1.485,1.515,11759567
DXS,26 Mar 2008,1.57,1.59,1.545,1.58,10321823
DXS,27 Mar 2008,1.53,1.65,1.525,1.65,5281150
DXS,28 Mar 2008,1.665,1.67,1.59,1.63,12259635
DXS,31 Mar 2008,1.64,1.71,1.62,1.685,13856441
DXS,01 Apr 2008,1.73,1.73,1.65,1.67,3212128
DXS,02 Apr 2008,1.74,1.765,1.695,1.74,13042688
DXS,03 Apr 2008,1.75,1.76,1.67,1.68,17353711
DXS,04 Apr 2008,1.705,1.715,1.68,1.71,8064463
DXS,07 Apr 2008,1.665,1.73,1.665,1.715,8543917
DXS,08 Apr 2008,1.75,1.75,1.655,1.685,10708027
DXS,09 Apr 2008,1.725,1.725,1.56,1.58,8274398
DXS,10 Apr 2008,1.575,1.575,1.515,1.54,7277405
DXS,11 Apr 2008,1.55,1.565,1.48,1.55,4391110
DXS,14 Apr 2008,1.53,1.545,1.5,1.54,3234927
DXS,15 Apr 2008,1.54,1.595,1.525,1.575,7829847
DXS,16 Apr 2008,1.65,1.65,1.59,1.61,6426281
DXS,17 Apr 2008,1.67,1.67,1.595,1.61,5513052
DXS,18 Apr 2008,1.64,1.64,1.54,1.59,4194179
DXS,21 Apr 2008,1.64,1.64,1.6,1.62,5063279
DXS,22 Apr 2008,1.615,1.63,1.57,1.61,5774075
DXS,23 Apr 2008,1.62,1.635,1.605,1.63,11612993
DXS,24 Apr 2008,1.68,1.68,1.63,1.645,9595401
DXS,28 Apr 2008,1.725,1.725,1.655,1.69,8511844
DXS,29 Apr 2008,1.7,1.74,1.685,1.74,9927260
DXS,30 Apr 2008,1.75,1.765,1.715,1.765,10932194
DXS,01 May 2008,1.75,1.765,1.73,1.765,9682654
DXS,02 May 2008,1.8,1.82,1.78,1.805,6251095
DXS,05 May 2008,1.82,1.82,1.775,1.78,3131176
DXS,06 May 2008,1.745,1.755,1.705,1.735,4505859
DXS,07 May 2008,1.76,1.765,1.67,1.69,5978151
DXS,08 May 2008,1.665,1.705,1.66,1.69,11112574
DXS,09 May 2008,1.7,1.7,1.66,1.665,7354693
DXS,12 May 2008,1.695,1.7,1.66,1.69,5762187
DXS,13 May 2008,1.71,1.72,1.685,1.695,8939978
DXS,14 May 2008,1.71,1.725,1.69,1.7,4363561
DXS,15 May 2008,1.715,1.715,1.67,1.68,9323735
DXS,16 May 2008,1.705,1.705,1.64,1.66,5259808
DXS,19 May 2008,1.66,1.66,1.585,1.61,7625410
DXS,20 May 2008,1.63,1.64,1.6,1.62,4695476
DXS,21 May 2008,1.625,1.625,1.58,1.6,9238229
DXS,22 May 2008,1.58,1.61,1.565,1.585,10680419
DXS,23 May 2008,1.58,1.605,1.58,1.585,6821348
DXS,26 May 2008,1.58,1.58,1.54,1.55,7394247
DXS,27 May 2008,1.55,1.56,1.515,1.545,8489514
DXS,28 May 2008,1.58,1.585,1.52,1.54,5553009
DXS,29 May 2008,1.565,1.585,1.53,1.57,5695734
DXS,30 May 2008,1.59,1.62,1.555,1.58,12351184
DXS,02 Jun 2008,1.6,1.6,1.515,1.565,4419927
DXS,03 Jun 2008,1.58,1.58,1.56,1.57,17486352
DXS,04 Jun 2008,1.57,1.585,1.55,1.575,11976931
DXS,05 Jun 2008,1.58,1.585,1.555,1.565,7221151
DXS,06 Jun 2008,1.59,1.605,1.575,1.605,5021326
DXS,10 Jun 2008,1.55,1.575,1.515,1.535,15203297
DXS,11 Jun 2008,1.56,1.56,1.52,1.53,10205166
DXS,12 Jun 2008,1.53,1.53,1.5,1.5,10323193
DXS,13 Jun 2008,1.515,1.53,1.435,1.515,7207844
DXS,16 Jun 2008,1.54,1.555,1.515,1.54,7829558
DXS,17 Jun 2008,1.555,1.555,1.505,1.555,13322056
DXS,18 Jun 2008,1.57,1.59,1.535,1.575,16147754
DXS,19 Jun 2008,1.54,1.55,1.5,1.53,25253969
DXS,20 Jun 2008,1.53,1.54,1.49,1.535,10350505
DXS,23 Jun 2008,1.535,1.54,1.46,1.505,10721333
DXS,24 Jun 2008,1.46,1.47,1.38,1.45,22515545
DXS,25 Jun 2008,1.44,1.45,1.36,1.435,13740219
DXS,26 Jun 2008,1.42,1.46,1.39,1.45,15716001
DXS,27 Jun 2008,1.425,1.46,1.38,1.45,19890822
DXS,30 Jun 2008,1.465,1.465,1.38,1.38,17471854
DXS,01 Jul 2008,1.365,1.385,1.305,1.345,7959861
DXS,02 Jul 2008,1.365,1.405,1.34,1.39,24081170
DXS,03 Jul 2008,1.39,1.44,1.37,1.44,10554411
DXS,04 Jul 2008,1.42,1.44,1.37,1.395,8112077
DXS,07 Jul 2008,1.325,1.41,1.3,1.41,7647676
DXS,08 Jul 2008,1.43,1.43,1.315,1.32,13197546
DXS,09 Jul 2008,1.345,1.375,1.31,1.315,9959727
DXS,10 Jul 2008,1.27,1.275,1.175,1.21,19104783
DXS,11 Jul 2008,1.2,1.24,1.16,1.17,18708066
DXS,14 Jul 2008,1.17,1.185,1.125,1.16,12840692
DXS,15 Jul 2008,1.19,1.205,1.145,1.175,11085088
DXS,16 Jul 2008,1.17,1.21,1.135,1.14,17677915
DXS,17 Jul 2008,1.145,1.21,1.145,1.21,24960994
DXS,18 Jul 2008,1.23,1.28,1.21,1.27,8537211
DXS,21 Jul 2008,1.32,1.37,1.285,1.355,16656189
DXS,22 Jul 2008,1.27,1.315,1.265,1.315,7414812
DXS,23 Jul 2008,1.395,1.43,1.325,1.37,18652642
DXS,24 Jul 2008,1.44,1.49,1.39,1.44,6634732
DXS,25 Jul 2008,1.4,1.435,1.37,1.38,7253140
DXS,28 Jul 2008,1.395,1.44,1.345,1.38,4883806
DXS,29 Jul 2008,1.375,1.395,1.32,1.38,11498394
DXS,30 Jul 2008,1.39,1.405,1.375,1.395,9923148
DXS,31 Jul 2008,1.4,1.42,1.39,1.4,14897541
DXS,01 Aug 2008,1.395,1.43,1.38,1.425,5717092
DXS,04 Aug 2008,1.43,1.48,1.415,1.45,9664847
DXS,05 Aug 2008,1.45,1.54,1.41,1.54,17217135
DXS,06 Aug 2008,1.575,1.59,1.55,1.58,16880529
DXS,07 Aug 2008,1.57,1.57,1.48,1.54,18889495
DXS,08 Aug 2008,1.51,1.52,1.485,1.5,16390783
DXS,11 Aug 2008,1.5,1.53,1.49,1.52,11543312
DXS,12 Aug 2008,1.55,1.61,1.53,1.61,14656589
DXS,13 Aug 2008,1.57,1.585,1.515,1.515,12332026
DXS,14 Aug 2008,1.46,1.49,1.445,1.46,14083326
DXS,15 Aug 2008,1.41,1.5,1.41,1.5,15947949
DXS,18 Aug 2008,1.49,1.53,1.47,1.505,6782855
DXS,19 Aug 2008,1.505,1.505,1.45,1.455,9099616
DXS,20 Aug 2008,1.44,1.44,1.39,1.41,7807491
DXS,21 Aug 2008,1.385,1.41,1.36,1.39,11788320
DXS,22 Aug 2008,1.37,1.41,1.35,1.39,6468336
DXS,25 Aug 2008,1.425,1.48,1.39,1.41,9820551
DXS,26 Aug 2008,1.395,1.46,1.36,1.455,12275256
DXS,27 Aug 2008,1.48,1.51,1.475,1.49,17590327
DXS,28 Aug 2008,1.52,1.555,1.48,1.485,10310566
DXS,29 Aug 2008,1.48,1.52,1.47,1.48,21897891
DXS,01 Sep 2008,1.46,1.475,1.45,1.46,8407501
DXS,02 Sep 2008,1.48,1.53,1.47,1.5,8267367
DXS,03 Sep 2008,1.45,1.525,1.45,1.505,23208839
DXS,04 Sep 2008,1.505,1.51,1.435,1.465,10661794
DXS,05 Sep 2008,1.445,1.49,1.43,1.47,10635345
DXS,08 Sep 2008,1.47,1.54,1.47,1.54,15649834
DXS,09 Sep 2008,1.575,1.58,1.53,1.535,13450620
DXS,10 Sep 2008,1.53,1.545,1.49,1.52,7455172
DXS,11 Sep 2008,1.54,1.545,1.495,1.5,9540295
DXS,12 Sep 2008,1.465,1.505,1.435,1.48,22701274
DXS,15 Sep 2008,1.43,1.47,1.415,1.47,13725518
DXS,16 Sep 2008,1.395,1.425,1.38,1.4,20611392
DXS,17 Sep 2008,1.47,1.475,1.41,1.44,17735871
DXS,18 Sep 2008,1.3,1.405,1.27,1.405,31615444
DXS,19 Sep 2008,1.4,1.57,1.4,1.5,22505206
DXS,22 Sep 2008,1.61,1.675,1.57,1.625,23178316
DXS,23 Sep 2008,1.565,1.61,1.545,1.575,6930969
DXS,24 Sep 2008,1.55,1.65,1.545,1.545,18305576
DXS,25 Sep 2008,1.5,1.61,1.5,1.57,12955920
DXS,26 Sep 2008,1.52,1.595,1.52,1.55,6800528
DXS,28 Sep 2008,1.52,1.595,1.52,1.55,6800528
DXS,29 Sep 2008,1.52,1.585,1.5,1.55,8234236
DXS,30 Sep 2008,1.46,1.575,1.43,1.43,6998464
DXS,01 Oct 2008,1.52,1.54,1.48,1.49,6041027
DXS,02 Oct 2008,1.58,1.59,1.51,1.51,10924977
DXS,03 Oct 2008,1.54,1.54,1.475,1.48,6097762
DXS,06 Oct 2008,1.455,1.455,1.36,1.43,6675189
DXS,07 Oct 2008,1.32,1.6,1.305,1.48,13579030
DXS,08 Oct 2008,1.345,1.425,1.33,1.34,21722756
DXS,09 Oct 2008,1.315,1.335,1.23,1.285,12811056
DXS,10 Oct 2008,1.1,1.23,1.1,1.17,11632828
DXS,13 Oct 2008,1.21,1.33,1.21,1.3,13566551
DXS,14 Oct 2008,1.3,1.365,1.22,1.24,19395525
DXS,15 Oct 2008,1.22,1.345,1.22,1.31,14566262
DXS,16 Oct 2008,1.33,1.33,1.21,1.3,12445043
DXS,17 Oct 2008,1.32,1.37,1.25,1.29,12073420
DXS,20 Oct 2008,1.25,1.335,1.235,1.31,15254474
DXS,21 Oct 2008,1.305,1.405,1.28,1.375,8259603
DXS,22 Oct 2008,1.305,1.32,1.245,1.27,16008478
DXS,23 Oct 2008,1.245,1.255,1.145,1.15,10312329
DXS,24 Oct 2008,1.15,1.16,.75,.885,15116024
DXS,27 Oct 2008,.82,1,.82,.96,14877877
DXS,28 Oct 2008,.94,.97,.79,.92,13548159
DXS,29 Oct 2008,.99,.99,.84,.855,22403330
DXS,30 Oct 2008,.805,.89,.765,.845,19073245
DXS,31 Oct 2008,.84,.84,.735,.745,25657893
DXS,03 Nov 2008,.78,.785,.71,.765,20648082
DXS,04 Nov 2008,.705,.77,.69,.735,24312147
DXS,05 Nov 2008,.755,.78,.735,.76,27678007
DXS,06 Nov 2008,.71,.815,.67,.8,34539237
DXS,07 Nov 2008,.78,.88,.755,.88,15034290
DXS,10 Nov 2008,.965,.965,.885,.89,27503320
DXS,11 Nov 2008,.825,1.02,.805,.99,41175254
DXS,12 Nov 2008,.98,1.1,.95,1.02,12053144
DXS,13 Nov 2008,.9,.995,.9,.9,37071679
DXS,14 Nov 2008,.985,1.025,.87,.895,16148729
DXS,17 Nov 2008,.85,.9,.83,.87,11860763
DXS,18 Nov 2008,.87,.88,.84,.87,12781334
DXS,19 Nov 2008,.895,.94,.84,.88,22079594
DXS,20 Nov 2008,.74,.97,.74,.87,17154580
DXS,21 Nov 2008,.87,.88,.74,.745,14050492
DXS,24 Nov 2008,.79,.84,.695,.71,12262030
DXS,25 Nov 2008,.7,.785,.7,.76,13116539
DXS,26 Nov 2008,.76,.82,.735,.76,15993068
DXS,27 Nov 2008,.78,.85,.78,.83,7724129
DXS,28 Nov 2008,.83,.865,.79,.83,9673276
DXS,01 Dec 2008,.855,.885,.83,.86,6117349
DXS,02 Dec 2008,.85,.89,.81,.84,12848196
DXS,04 Dec 2008,.92,.93,.815,.845,42550188
DXS,05 Dec 2008,.875,.88,.82,.825,39668060
DXS,08 Dec 2008,.84,.895,.83,.88,37509228
DXS,09 Dec 2008,.885,.92,.83,.9,46084758
DXS,10 Dec 2008,.9,1.01,.87,.9,48299649
DXS,11 Dec 2008,.915,.965,.91,.945,37061093
DXS,12 Dec 2008,.95,.97,.9,.91,26580773
DXS,15 Dec 2008,.92,.95,.905,.93,27078991
DXS,16 Dec 2008,.92,.94,.85,.89,19242565
DXS,17 Dec 2008,.9,.9,.845,.855,23488022
DXS,18 Dec 2008,.85,.88,.805,.83,50830179
DXS,19 Dec 2008,.85,.865,.82,.83,35979781
DXS,22 Dec 2008,.805,.83,.805,.81,12733851
DXS,23 Dec 2008,.78,.8,.77,.8,13791476
DXS,24 Dec 2008,.79,.81,.77,.8,10596488
DXS,29 Dec 2008,.785,.81,.76,.785,21099035
DXS,30 Dec 2008,.775,.78,.715,.745,22148767
DXS,31 Dec 2008,.745,.855,.745,.82,10626790
DXS,02 Jan 2009,.8,.825,.78,.825,3090803
DXS,05 Jan 2009,.83,.835,.765,.785,8191377
DXS,06 Jan 2009,.8,.83,.78,.825,14792308
DXS,07 Jan 2009,.84,.845,.81,.83,10660310
DXS,08 Jan 2009,.83,.83,.8,.825,7118401
DXS,09 Jan 2009,.805,.815,.795,.815,7520691
DXS,12 Jan 2009,.77,.825,.77,.825,9068275
DXS,13 Jan 2009,.8,.81,.78,.785,12595468
DXS,14 Jan 2009,.79,.795,.74,.765,20284972
DXS,15 Jan 2009,.74,.75,.71,.71,18713765
DXS,16 Jan 2009,.75,.75,.67,.68,13573687
DXS,19 Jan 2009,.705,.75,.695,.74,4564149
DXS,20 Jan 2009,.72,.74,.705,.73,16744860
DXS,21 Jan 2009,.74,.79,.725,.77,12370660
DXS,22 Jan 2009,.77,.8,.74,.8,17568156
DXS,23 Jan 2009,.8,.8,.73,.74,10603471
DXS,27 Jan 2009,.795,.8,.74,.75,16995564
DXS,28 Jan 2009,.73,.745,.72,.735,32740650
DXS,29 Jan 2009,.76,.78,.75,.77,18501416
DXS,30 Jan 2009,.755,.76,.74,.76,13329201
DXS,02 Feb 2009,.74,.825,.74,.825,10262981
DXS,03 Feb 2009,.78,.79,.7,.73,34801011
DXS,04 Feb 2009,.755,.755,.63,.69,29911041
DXS,05 Feb 2009,.685,.71,.64,.7,13485598
DXS,06 Feb 2009,.72,.79,.7,.725,20867987
DXS,09 Feb 2009,.76,.79,.75,.78,19167389
DXS,10 Feb 2009,.82,.875,.805,.82,20950930
DXS,11 Feb 2009,.79,.86,.79,.845,11419057
DXS,12 Feb 2009,.83,.86,.795,.86,14446898
DXS,13 Feb 2009,.88,.88,.8,.845,10818237
DXS,16 Feb 2009,.85,.85,.795,.835,10915189
DXS,17 Feb 2009,.84,.86,.76,.78,13819686
DXS,18 Feb 2009,.74,.77,.69,.735,17160913
DXS,19 Feb 2009,.715,.74,.695,.73,21847812
DXS,20 Feb 2009,.725,.73,.695,.705,10765639
DXS,23 Feb 2009,.71,.71,.675,.695,12084137
DXS,24 Feb 2009,.685,.695,.635,.665,21071552
DXS,25 Feb 2009,.705,.705,.68,.695,10003738
DXS,26 Feb 2009,.7,.7,.675,.7,6499700
DXS,27 Feb 2009,.68,.705,.68,.7,16517677
DXS,02 Mar 2009,.685,.685,.625,.625,16345994
DXS,03 Mar 2009,.595,.66,.585,.645,9170639
DXS,04 Mar 2009,.63,.69,.63,.69,25025624
DXS,05 Mar 2009,.685,.685,.59,.63,17570482
DXS,06 Mar 2009,.59,.615,.56,.59,13934449
DXS,09 Mar 2009,.59,.61,.545,.59,9030348
DXS,10 Mar 2009,.57,.635,.56,.63,14172816
DXS,11 Mar 2009,.645,.705,.63,.665,32574309
DXS,12 Mar 2009,.69,.74,.68,.705,21965945
DXS,13 Mar 2009,.74,.795,.725,.78,16267781
DXS,16 Mar 2009,.745,.82,.745,.755,18168694
DXS,17 Mar 2009,.74,.795,.735,.795,14317137
DXS,18 Mar 2009,.815,.82,.77,.82,17427581
DXS,19 Mar 2009,.82,.85,.78,.795,29277229
DXS,20 Mar 2009,.785,.8,.685,.685,10896279
DXS,23 Mar 2009,.69,.765,.69,.73,7623563
DXS,24 Mar 2009,.75,.8,.75,.77,10790092
DXS,25 Mar 2009,.78,.815,.76,.765,11914386
DXS,26 Mar 2009,.815,.815,.75,.755,12516862
DXS,27 Mar 2009,.75,.785,.75,.765,11098194
DXS,30 Mar 2009,.74,.75,.715,.715,8813294
DXS,31 Mar 2009,.69,.75,.69,.75,16686258
DXS,01 Apr 2009,.74,.795,.735,.795,8834556
DXS,02 Apr 2009,.83,.9,.805,.875,21654406
DXS,03 Apr 2009,.9,.9,.82,.85,14046035
DXS,06 Apr 2009,.89,.89,.785,.795,7028454
DXS,07 Apr 2009,.805,.805,.73,.73,12222709
DXS,08 Apr 2009,.71,.775,.71,.755,12617954
DXS,09 Apr 2009,.745,.81,.745,.785,14958734
DXS,14 Apr 2009,.785,.845,.785,.815,12479447
DXS,15 Apr 2009,.81,.835,.81,.815,10786150
DXS,16 Apr 2009,.845,.88,.845,.875,8784365
DXS,17 Apr 2009,.905,.91,.84,.86,10552492
DXS,20 Apr 2009,.85,.855,.825,.825,12430214
DXS,23 Apr 2009,.7,.745,.68,.745,62770027
DXS,24 Apr 2009,.76,.78,.73,.73,19334056
DXS,27 Apr 2009,.755,.755,.73,.74,13774781
DXS,28 Apr 2009,.74,.745,.73,.735,30431194
DXS,29 Apr 2009,.72,.74,.7,.73,28851610
DXS,30 Apr 2009,.755,.76,.72,.73,32989300
DXS,01 May 2009,.725,.74,.71,.71,23141521
DXS,04 May 2009,.71,.725,.69,.7,28705414
DXS,05 May 2009,.715,.73,.695,.73,42180622
DXS,06 May 2009,.705,.71,.69,.695,59133408
DXS,07 May 2009,.69,.715,.685,.7,89110673
DXS,08 May 2009,.695,.705,.69,.705,25346677
DXS,11 May 2009,.72,.74,.7,.7,32649862
DXS,12 May 2009,.7,.71,.695,.695,33535347
DXS,13 May 2009,.695,.695,.665,.68,40765182
DXS,14 May 2009,.675,.68,.655,.66,41864657
DXS,15 May 2009,.675,.69,.67,.675,39775869
DXS,18 May 2009,.675,.68,.67,.675,18093446
DXS,19 May 2009,.69,.705,.68,.695,36075306
DXS,20 May 2009,.7,.705,.69,.7,15028281
DXS,21 May 2009,.71,.71,.67,.675,43922073
DXS,22 May 2009,.66,.67,.66,.665,28136100
DXS,25 May 2009,.665,.665,.655,.66,8995761
DXS,26 May 2009,.66,.71,.655,.71,26713505
DXS,27 May 2009,.725,.745,.715,.72,39354841
DXS,28 May 2009,.72,.745,.715,.74,63101131
DXS,29 May 2009,.73,.755,.725,.755,44760945
DXS,01 Jun 2009,.74,.76,.73,.76,22623820
DXS,02 Jun 2009,.77,.77,.74,.75,33511575
DXS,03 Jun 2009,.74,.76,.725,.76,57826963
DXS,04 Jun 2009,.74,.755,.73,.73,35123849
DXS,05 Jun 2009,.74,.745,.695,.695,45797684
DXS,09 Jun 2009,.695,.715,.695,.695,24911307
DXS,10 Jun 2009,.71,.735,.705,.725,17573710
DXS,11 Jun 2009,.73,.755,.72,.73,35647322
DXS,12 Jun 2009,.745,.755,.715,.72,29057164
DXS,15 Jun 2009,.725,.735,.715,.725,23733907
DXS,16 Jun 2009,.715,.745,.71,.74,22164853
DXS,17 Jun 2009,.73,.74,.72,.73,13749725
DXS,18 Jun 2009,.745,.75,.735,.75,69396516
DXS,19 Jun 2009,.76,.775,.755,.77,63479492
DXS,22 Jun 2009,.78,.785,.735,.75,38504696
DXS,23 Jun 2009,.75,.75,.725,.73,25076990
DXS,24 Jun 2009,.71,.72,.685,.71,34548267
DXS,25 Jun 2009,.725,.725,.71,.725,34047076
DXS,26 Jun 2009,.725,.735,.71,.715,24827849
DXS,29 Jun 2009,.725,.735,.72,.73,17832585
DXS,30 Jun 2009,.73,.75,.73,.75,29766261
DXS,01 Jul 2009,.735,.74,.71,.715,14917132
DXS,02 Jul 2009,.72,.725,.71,.725,22396634
DXS,03 Jul 2009,.715,.715,.7,.705,19922677
DXS,06 Jul 2009,.69,.725,.69,.72,27570828
DXS,07 Jul 2009,.715,.72,.705,.71,21578710
DXS,08 Jul 2009,.7,.705,.695,.7,37005627
DXS,09 Jul 2009,.695,.7,.69,.69,35186528
DXS,10 Jul 2009,.695,.71,.695,.705,19179569
DXS,13 Jul 2009,.705,.715,.695,.705,23979797
DXS,14 Jul 2009,.715,.73,.71,.73,18355078
DXS,15 Jul 2009,.735,.75,.73,.74,21736584
DXS,16 Jul 2009,.755,.755,.735,.75,19742061
DXS,17 Jul 2009,.76,.765,.745,.75,23868545
DXS,20 Jul 2009,.75,.765,.73,.735,20425966
DXS,21 Jul 2009,.745,.75,.725,.73,22866120
DXS,22 Jul 2009,.73,.73,.71,.715,34590255
DXS,23 Jul 2009,.715,.73,.715,.725,38723804
DXS,24 Jul 2009,.73,.73,.7,.7,40893497
DXS,25 Jul 2009,.73,.73,.7,.7,40893497
DXS,27 Jul 2009,.715,.715,.705,.715,30100321
DXS,28 Jul 2009,.715,.725,.71,.72,29089995
DXS,29 Jul 2009,.72,.735,.715,.73,26784282
DXS,30 Jul 2009,.735,.735,.715,.72,24534498
DXS,31 Jul 2009,.72,.74,.72,.73,27730073
DXS,03 Aug 2009,.73,.735,.715,.725,13295844
DXS,04 Aug 2009,.73,.735,.72,.73,22395803
DXS,05 Aug 2009,.735,.74,.72,.72,25029742
DXS,06 Aug 2009,.72,.73,.715,.72,26788354
DXS,07 Aug 2009,.725,.725,.71,.72,22634229
DXS,10 Aug 2009,.73,.755,.725,.745,48147800
DXS,11 Aug 2009,.745,.76,.74,.76,32525115
DXS,12 Aug 2009,.76,.775,.755,.77,26162647
DXS,13 Aug 2009,.775,.8,.77,.78,70828053
DXS,14 Aug 2009,.78,.785,.76,.765,37294220
DXS,17 Aug 2009,.765,.78,.765,.77,33417564
DXS,18 Aug 2009,.77,.77,.71,.715,59369845
DXS,19 Aug 2009,.71,.715,.685,.695,68133983
DXS,20 Aug 2009,.705,.71,.68,.695,65455822
DXS,21 Aug 2009,.7,.7,.66,.665,67135287
DXS,24 Aug 2009,.675,.685,.67,.685,29183128
DXS,25 Aug 2009,.69,.695,.675,.68,28815379
DXS,26 Aug 2009,.68,.715,.675,.7,53344018
DXS,27 Aug 2009,.7,.74,.695,.73,74210880
DXS,28 Aug 2009,.75,.76,.735,.755,63348696
DXS,31 Aug 2009,.755,.77,.735,.745,50953574
DXS,01 Sep 2009,.74,.74,.72,.73,29292642
DXS,02 Sep 2009,.705,.725,.7,.72,36505299
DXS,03 Sep 2009,.72,.725,.71,.71,20623595
DXS,04 Sep 2009,.715,.745,.715,.745,36489898
DXS,07 Sep 2009,.75,.765,.735,.76,29707706
DXS,08 Sep 2009,.76,.765,.735,.745,38055096
DXS,09 Sep 2009,.75,.75,.725,.735,33880385
DXS,10 Sep 2009,.74,.75,.735,.74,50344949
DXS,11 Sep 2009,.74,.755,.74,.74,40422315
DXS,14 Sep 2009,.745,.76,.74,.755,29718561
DXS,15 Sep 2009,.76,.79,.755,.79,72066711
DXS,16 Sep 2009,.8,.8,.78,.78,27346267
DXS,17 Sep 2009,.795,.82,.79,.79,43408369
DXS,18 Sep 2009,.79,.835,.79,.815,54151554
DXS,21 Sep 2009,.835,.84,.815,.825,17656562
DXS,22 Sep 2009,.815,.83,.805,.815,19317185
DXS,23 Sep 2009,.825,.83,.805,.82,19632789
DXS,24 Sep 2009,.81,.83,.805,.82,20973779
DXS,25 Sep 2009,.82,.82,.79,.795,12617448
DXS,28 Sep 2009,.8,.805,.78,.8,26276838
DXS,29 Sep 2009,.82,.835,.81,.83,24052573
DXS,30 Sep 2009,.835,.86,.83,.845,44722402
DXS,01 Oct 2009,.86,.87,.835,.85,25720472
DXS,02 Oct 2009,.82,.825,.8,.81,22720374
DXS,05 Oct 2009,.825,.84,.815,.82,10866752
DXS,06 Oct 2009,.835,.855,.755,.785,48063600
DXS,07 Oct 2009,.805,.825,.795,.815,29177050
DXS,08 Oct 2009,.82,.835,.81,.815,31398939
DXS,09 Oct 2009,.82,.825,.795,.8,15371594
DXS,12 Oct 2009,.795,.8,.785,.79,14408793
DXS,13 Oct 2009,.8,.82,.785,.82,33627363
DXS,14 Oct 2009,.815,.825,.81,.82,10331886
DXS,15 Oct 2009,.84,.855,.83,.83,28356085
DXS,16 Oct 2009,.84,.845,.825,.84,12529607
DXS,19 Oct 2009,.84,.84,.825,.83,23718372
DXS,20 Oct 2009,.84,.86,.835,.85,34274441
DXS,21 Oct 2009,.855,.865,.845,.855,19075970
DXS,22 Oct 2009,.845,.86,.845,.85,23948061
DXS,23 Oct 2009,.86,.875,.83,.83,63884242
DXS,26 Oct 2009,.835,.86,.83,.845,21933652
DXS,27 Oct 2009,.83,.835,.805,.81,36866186
DXS,28 Oct 2009,.815,.825,.795,.8,15094704
DXS,29 Oct 2009,.8,.805,.75,.755,46078920
DXS,30 Oct 2009,.8,.835,.79,.805,86034192
DXS,02 Nov 2009,.785,.805,.77,.785,25749807
DXS,03 Nov 2009,.795,.81,.785,.79,12705176
DXS,04 Nov 2009,.795,.795,.755,.78,24107792
DXS,05 Nov 2009,.785,.785,.76,.765,25871065
DXS,06 Nov 2009,.79,.795,.77,.795,36902069
DXS,09 Nov 2009,.8,.83,.79,.805,30277268
DXS,10 Nov 2009,.82,.82,.8,.8,26726490
DXS,11 Nov 2009,.81,.85,.81,.85,30559293
DXS,12 Nov 2009,.855,.86,.815,.835,23043838
DXS,13 Nov 2009,.835,.845,.81,.815,16730714
DXS,16 Nov 2009,.83,.84,.82,.83,14672029
DXS,17 Nov 2009,.84,.86,.835,.85,23668384
DXS,18 Nov 2009,.845,.885,.845,.87,31625445
DXS,19 Nov 2009,.89,.89,.86,.88,31520669
DXS,20 Nov 2009,.87,.875,.855,.86,15234325
DXS,23 Nov 2009,.86,.865,.845,.85,16039673
DXS,24 Nov 2009,.86,.865,.83,.83,14690792
DXS,25 Nov 2009,.835,.84,.82,.825,19454205
DXS,26 Nov 2009,.835,.835,.81,.81,21568626
DXS,27 Nov 2009,.795,.8,.78,.79,26762995
DXS,30 Nov 2009,.795,.82,.795,.81,19420759
DXS,01 Dec 2009,.805,.825,.795,.825,21843030
DXS,02 Dec 2009,.83,.84,.825,.825,18932025
DXS,03 Dec 2009,.835,.835,.795,.8,20904585
DXS,04 Dec 2009,.795,.805,.785,.8,11980366
DXS,07 Dec 2009,.82,.82,.795,.8,17179415
DXS,08 Dec 2009,.8,.81,.785,.79,26397061
DXS,09 Dec 2009,.79,.805,.78,.8,15325728
DXS,10 Dec 2009,.81,.82,.8,.815,32864404
DXS,11 Dec 2009,.815,.82,.805,.81,11807706
DXS,14 Dec 2009,.82,.825,.8,.805,22893248
DXS,15 Dec 2009,.81,.825,.805,.815,17283367
DXS,16 Dec 2009,.82,.825,.8,.8,17817690
DXS,17 Dec 2009,.815,.815,.8,.805,51181313
DXS,18 Dec 2009,.81,.825,.8,.815,17360316
DXS,21 Dec 2009,.82,.835,.815,.815,8817964
DXS,22 Dec 2009,.83,.835,.82,.835,6912863
DXS,23 Dec 2009,.82,.84,.805,.84,10698485
DXS,24 Dec 2009,.835,.84,.82,.82,11682817
DXS,29 Dec 2009,.83,.835,.82,.825,8159398
DXS,30 Dec 2009,.825,.84,.82,.83,11025895
DXS,31 Dec 2009,.83,.855,.83,.85,15190735
DXS,04 Jan 2010,.85,.86,.835,.84,11585206
DXS,05 Jan 2010,.855,.86,.85,.86,15606171
DXS,06 Jan 2010,.865,.865,.845,.855,32759990
DXS,07 Jan 2010,.86,.86,.85,.85,17092721
DXS,08 Jan 2010,.86,.87,.85,.85,8205970
DXS,11 Jan 2010,.86,.86,.85,.86,12240353
DXS,12 Jan 2010,.86,.865,.85,.855,15700256
DXS,13 Jan 2010,.85,.865,.85,.85,16750271
DXS,14 Jan 2010,.86,.87,.85,.855,20309504
DXS,15 Jan 2010,.855,.855,.835,.845,32808081
DXS,18 Jan 2010,.845,.85,.84,.84,27256002
DXS,19 Jan 2010,.84,.845,.815,.82,30440109
DXS,20 Jan 2010,.83,.835,.82,.825,21725943
DXS,21 Jan 2010,.825,.83,.815,.82,27954140
DXS,22 Jan 2010,.81,.82,.81,.81,19335255
DXS,25 Jan 2010,.81,.825,.805,.825,17832600
DXS,27 Jan 2010,.83,.845,.82,.835,30472048
DXS,28 Jan 2010,.84,.84,.82,.835,33482085
DXS,29 Jan 2010,.83,.845,.82,.83,21427644
DXS,01 Feb 2010,.83,.835,.8,.81,33099859
DXS,02 Feb 2010,.82,.835,.82,.835,27074807
DXS,03 Feb 2010,.84,.845,.825,.84,32892725
DXS,04 Feb 2010,.835,.855,.835,.855,30348390
DXS,05 Feb 2010,.835,.845,.83,.84,26875635
DXS,08 Feb 2010,.845,.85,.82,.82,16850500
DXS,09 Feb 2010,.815,.835,.815,.83,32695204
DXS,10 Feb 2010,.84,.855,.825,.835,23925778
DXS,11 Feb 2010,.84,.845,.83,.84,7074110
DXS,12 Feb 2010,.84,.845,.82,.83,10478342
DXS,15 Feb 2010,.83,.83,.815,.815,11406817
DXS,16 Feb 2010,.82,.825,.81,.815,20322072
DXS,17 Feb 2010,.82,.825,.815,.82,36610317
DXS,18 Feb 2010,.825,.84,.825,.835,29236641
DXS,19 Feb 2010,.83,.835,.82,.82,27791646
DXS,22 Feb 2010,.83,.835,.82,.82,20825013
DXS,23 Feb 2010,.82,.83,.815,.82,16670506
DXS,24 Feb 2010,.82,.825,.815,.815,28988573
DXS,25 Feb 2010,.825,.83,.815,.815,36266643
DXS,26 Feb 2010,.82,.825,.815,.825,28401148
DXS,01 Mar 2010,.83,.835,.82,.835,15416006
DXS,02 Mar 2010,.84,.85,.835,.845,14928610
DXS,03 Mar 2010,.85,.85,.83,.835,20508078
DXS,04 Mar 2010,.84,.84,.825,.835,38415488
DXS,05 Mar 2010,.835,.835,.825,.83,16047592
DXS,08 Mar 2010,.83,.835,.825,.83,35343212
DXS,09 Mar 2010,.83,.83,.82,.825,30251934
DXS,10 Mar 2010,.83,.83,.81,.81,36652604
DXS,11 Mar 2010,.815,.82,.81,.81,25856885
DXS,12 Mar 2010,.81,.815,.79,.795,23820086
DXS,15 Mar 2010,.8,.805,.795,.8,23590473
DXS,16 Mar 2010,.805,.81,.8,.805,31773960
DXS,17 Mar 2010,.81,.815,.795,.795,35524936
DXS,18 Mar 2010,.8,.805,.795,.795,30301042
DXS,19 Mar 2010,.8,.805,.795,.8,20724288
DXS,22 Mar 2010,.795,.8,.79,.795,19752449
DXS,23 Mar 2010,.795,.8,.79,.795,25007315
DXS,24 Mar 2010,.8,.805,.79,.79,24277686
DXS,25 Mar 2010,.795,.8,.785,.795,25618455
DXS,26 Mar 2010,.795,.8,.785,.8,28945860
DXS,29 Mar 2010,.8,.81,.795,.8,14941590
DXS,30 Mar 2010,.81,.815,.8,.805,14812651
DXS,31 Mar 2010,.81,.82,.805,.81,29086794
DXS,01 Apr 2010,.815,.82,.805,.81,24887688
DXS,06 Apr 2010,.82,.83,.815,.825,20164150
DXS,07 Apr 2010,.825,.835,.815,.82,36317856
DXS,08 Apr 2010,.82,.835,.82,.825,30981793
DXS,09 Apr 2010,.83,.835,.82,.83,19685459
DXS,12 Apr 2010,.83,.845,.83,.84,27589505
DXS,13 Apr 2010,.84,.84,.825,.83,29413782
DXS,14 Apr 2010,.835,.84,.81,.815,33290950
DXS,15 Apr 2010,.82,.83,.815,.82,38280871
DXS,16 Apr 2010,.82,.82,.805,.81,14815175
DXS,19 Apr 2010,.8,.8,.785,.79,21146910
DXS,20 Apr 2010,.795,.8,.785,.795,14803074
DXS,21 Apr 2010,.8,.805,.795,.805,17202994
DXS,22 Apr 2010,.8,.805,.795,.795,15656835
DXS,23 Apr 2010,.8,.815,.8,.805,14875733
DXS,27 Apr 2010,.81,.815,.805,.805,15260653
DXS,28 Apr 2010,.8,.8,.79,.795,22278053
DXS,29 Apr 2010,.8,.81,.795,.805,22652174
DXS,30 Apr 2010,.81,.825,.81,.81,19052903
DXS,03 May 2010,.81,.82,.805,.815,17006628
DXS,04 May 2010,.815,.82,.805,.805,26332211
DXS,05 May 2010,.795,.81,.795,.805,12179971
DXS,06 May 2010,.805,.805,.78,.78,54172495
DXS,07 May 2010,.77,.79,.76,.78,33237442
DXS,10 May 2010,.785,.8,.785,.795,17701433
DXS,11 May 2010,.8,.81,.785,.8,41381457
DXS,12 May 2010,.805,.815,.8,.815,17814337
DXS,13 May 2010,.815,.82,.81,.815,17726268
DXS,14 May 2010,.815,.815,.8,.805,11430659
DXS,17 May 2010,.8,.805,.775,.775,23061417
DXS,18 May 2010,.785,.785,.765,.775,40971166
DXS,19 May 2010,.765,.785,.765,.78,28209854
DXS,20 May 2010,.785,.795,.78,.78,27321610
DXS,21 May 2010,.77,.78,.75,.765,30234263
DXS,24 May 2010,.77,.775,.76,.77,20789835
DXS,25 May 2010,.765,.77,.745,.745,17091533
DXS,26 May 2010,.76,.76,.73,.735,56473178
DXS,27 May 2010,.73,.745,.715,.74,40797993
DXS,28 May 2010,.75,.775,.75,.775,42544392
DXS,31 May 2010,.77,.78,.765,.775,24114515
DXS,01 Jun 2010,.77,.78,.76,.775,31041171
DXS,02 Jun 2010,.77,.775,.76,.775,21576235
DXS,03 Jun 2010,.78,.795,.77,.795,21033791
DXS,04 Jun 2010,.79,.815,.785,.815,35322395
DXS,07 Jun 2010,.795,.8,.775,.775,19263788
DXS,08 Jun 2010,.77,.8,.77,.785,29046663
DXS,09 Jun 2010,.795,.805,.785,.805,41180093
DXS,10 Jun 2010,.81,.84,.81,.83,38951659
DXS,11 Jun 2010,.84,.845,.825,.825,30213994
DXS,15 Jun 2010,.83,.84,.82,.835,34885108
DXS,16 Jun 2010,.84,.845,.83,.835,24027485
DXS,17 Jun 2010,.835,.84,.825,.83,27046820
DXS,18 Jun 2010,.835,.85,.83,.845,30013149
DXS,19 Jun 2010,0,0,0,0,0
DXS,21 Jun 2010,.845,.86,.845,.86,17738954
DXS,22 Jun 2010,.845,.865,.845,.85,22886703
DXS,23 Jun 2010,.835,.84,.82,.825,48295011
DXS,24 Jun 2010,.805,.805,.785,.795,18730386
DXS,25 Jun 2010,.785,.805,.785,.79,14455051
DXS,28 Jun 2010,.795,.8,.79,.79,9703048
DXS,29 Jun 2010,.795,.8,.785,.8,10725609
DXS,30 Jun 2010,.785,.79,.77,.77,26204180
DXS,01 Jul 2010,.775,.8,.77,.775,38258450
DXS,02 Jul 2010,.785,.79,.76,.775,27354028
DXS,05 Jul 2010,.775,.78,.765,.775,13635657
DXS,06 Jul 2010,.77,.785,.76,.78,22232033
DXS,07 Jul 2010,.78,.79,.775,.79,21104793
DXS,08 Jul 2010,.8,.81,.795,.805,19516148
DXS,09 Jul 2010,.805,.815,.805,.81,8597813
DXS,12 Jul 2010,.82,.83,.815,.825,26305627
DXS,13 Jul 2010,.83,.83,.815,.82,26108338
DXS,14 Jul 2010,.83,.845,.825,.845,20864669
DXS,15 Jul 2010,.84,.845,.82,.82,17531944
DXS,16 Jul 2010,.81,.815,.8,.81,14996701
DXS,19 Jul 2010,.795,.8,.79,.79,20681359
DXS,20 Jul 2010,.8,.81,.795,.805,46973285
DXS,21 Jul 2010,.84,.85,.835,.845,76808602
DXS,22 Jul 2010,.845,.845,.83,.83,50781802
DXS,23 Jul 2010,.84,.845,.83,.83,32331023
DXS,26 Jul 2010,.83,.84,.83,.84,21197018
DXS,27 Jul 2010,.85,.855,.835,.84,30039059
DXS,28 Jul 2010,.845,.85,.835,.835,20124770
DXS,29 Jul 2010,.835,.84,.82,.825,18841864
DXS,30 Jul 2010,.825,.83,.815,.815,16191112
DXS,02 Aug 2010,.825,.84,.82,.835,15203390
DXS,03 Aug 2010,.84,.845,.825,.835,22245197
DXS,04 Aug 2010,.835,.84,.825,.825,26677813
DXS,05 Aug 2010,.83,.835,.82,.825,18188127
DXS,06 Aug 2010,.825,.84,.82,.83,31369540
DXS,09 Aug 2010,.815,.835,.815,.83,11140831
DXS,10 Aug 2010,.84,.84,.825,.835,26552416
DXS,11 Aug 2010,.83,.835,.815,.82,23695171
DXS,12 Aug 2010,.81,.815,.8,.81,28349103
DXS,13 Aug 2010,.805,.815,.805,.81,30846160
DXS,16 Aug 2010,.81,.815,.805,.81,15947368
DXS,17 Aug 2010,.81,.815,.805,.805,28301624
DXS,18 Aug 2010,.805,.82,.805,.82,38925653
DXS,19 Aug 2010,.82,.83,.815,.83,19556313
DXS,20 Aug 2010,.82,.83,.815,.825,19740964
DXS,23 Aug 2010,.82,.835,.815,.835,16718924
DXS,24 Aug 2010,.835,.84,.825,.83,29670378
DXS,25 Aug 2010,.815,.825,.81,.815,29085470
DXS,26 Aug 2010,.815,.82,.81,.815,23939698
DXS,27 Aug 2010,.815,.82,.81,.815,19085699
DXS,30 Aug 2010,.82,.83,.82,.83,19140121
DXS,31 Aug 2010,.825,.835,.825,.83,49197461
DXS,01 Sep 2010,.835,.845,.83,.84,33551902
DXS,02 Sep 2010,.845,.85,.84,.85,20338355
DXS,03 Sep 2010,.85,.85,.845,.85,15703071
DXS,06 Sep 2010,.85,.85,.84,.85,22825651
DXS,07 Sep 2010,.85,.85,.83,.83,25132436
DXS,08 Sep 2010,.83,.83,.82,.82,27883535
DXS,09 Sep 2010,.835,.84,.82,.83,53233797
DXS,10 Sep 2010,.835,.845,.83,.84,43580705
DXS,13 Sep 2010,.845,.85,.825,.835,30355394
DXS,14 Sep 2010,.845,.845,.83,.835,18881005
DXS,15 Sep 2010,.84,.855,.835,.85,28124268
DXS,16 Sep 2010,.85,.855,.84,.84,40581031
DXS,17 Sep 2010,.84,.85,.84,.85,27855413
DXS,20 Sep 2010,.845,.845,.84,.845,6671249
DXS,21 Sep 2010,.855,.855,.85,.85,9468855
DXS,22 Sep 2010,.845,.85,.835,.845,32593133
DXS,23 Sep 2010,.84,.845,.835,.84,17032772
DXS,24 Sep 2010,.835,.84,.83,.83,19333463
DXS,27 Sep 2010,.845,.845,.825,.83,19381191
DXS,28 Sep 2010,.83,.845,.825,.84,16790511
DXS,29 Sep 2010,.835,.85,.835,.845,19320794
DXS,30 Sep 2010,.845,.86,.84,.855,54122626
DXS,01 Oct 2010,.85,.855,.84,.845,23005479
DXS,04 Oct 2010,.85,.85,.84,.845,11298602
DXS,05 Oct 2010,.84,.845,.835,.84,35149758
DXS,06 Oct 2010,.85,.85,.84,.845,22888188
DXS,07 Oct 2010,.84,.84,.825,.825,29449671
DXS,08 Oct 2010,.83,.835,.825,.825,13290411
DXS,11 Oct 2010,.83,.835,.825,.835,14173099
DXS,12 Oct 2010,.835,.835,.825,.825,12421634
DXS,13 Oct 2010,.83,.835,.825,.83,16827971
DXS,14 Oct 2010,.83,.835,.825,.835,15596371
DXS,15 Oct 2010,.83,.835,.825,.835,21241194
DXS,18 Oct 2010,.84,.845,.835,.845,14231136
DXS,19 Oct 2010,.845,.845,.835,.845,22001498
DXS,20 Oct 2010,.84,.84,.83,.83,33344865
DXS,21 Oct 2010,.835,.835,.825,.825,41965895
DXS,22 Oct 2010,.825,.83,.815,.82,21219945
DXS,25 Oct 2010,.82,.825,.815,.825,13787922
DXS,26 Oct 2010,.82,.825,.795,.8,49978510
DXS,27 Oct 2010,.8,.815,.795,.795,78594602
DXS,28 Oct 2010,.805,.83,.8,.83,37655591
DXS,29 Oct 2010,.83,.83,.825,.83,21099487
DXS,01 Nov 2010,.83,.835,.83,.83,24773951
DXS,02 Nov 2010,.83,.835,.81,.81,20049811
DXS,03 Nov 2010,.8,.815,.795,.81,23703390
DXS,04 Nov 2010,.815,.83,.81,.825,24284953
DXS,05 Nov 2010,.835,.835,.825,.835,12130476
DXS,08 Nov 2010,.83,.835,.82,.82,25346000
DXS,09 Nov 2010,.825,.825,.805,.81,37102628
DXS,10 Nov 2010,.805,.815,.8,.805,18143605
DXS,11 Nov 2010,.805,.815,.8,.815,21718312
DXS,12 Nov 2010,.81,.815,.795,.8,26442499
DXS,15 Nov 2010,.8,.805,.795,.795,15221715
DXS,16 Nov 2010,.795,.805,.79,.795,27026648
DXS,17 Nov 2010,.785,.79,.775,.78,15150782
DXS,18 Nov 2010,.78,.785,.77,.785,62573242
DXS,19 Nov 2010,.79,.79,.78,.785,22745843
DXS,22 Nov 2010,.785,.79,.785,.785,26358170
DXS,23 Nov 2010,.785,.805,.785,.795,46858732
DXS,24 Nov 2010,.795,.795,.785,.79,13534382
DXS,25 Nov 2010,.79,.795,.78,.785,32415311
DXS,26 Nov 2010,.785,.79,.775,.78,10780161
DXS,27 Nov 2010,0,0,0,0,0
DXS,28 Nov 2010,0,0,0,0,0
DXS,29 Nov 2010,.78,.785,.775,.775,11949960
DXS,30 Nov 2010,.78,.785,.775,.78,52178681
DXS,01 Dec 2010,.775,.78,.77,.775,20662344
DXS,02 Dec 2010,.78,.79,.78,.785,24763892
DXS,03 Dec 2010,.79,.79,.78,.785,10088233
DXS,06 Dec 2010,.785,.785,.77,.78,32613749
DXS,07 Dec 2010,.78,.785,.775,.78,34896171
DXS,08 Dec 2010,.78,.79,.78,.785,28475014
DXS,09 Dec 2010,.785,.795,.78,.795,18542945
DXS,10 Dec 2010,.785,.795,.78,.785,18728791
DXS,13 Dec 2010,.79,.795,.775,.775,28301765
DXS,14 Dec 2010,.78,.785,.77,.785,37344388
DXS,15 Dec 2010,.785,.795,.78,.795,35967696
DXS,16 Dec 2010,.8,.81,.795,.805,48226550
DXS,17 Dec 2010,.8,.805,.79,.8,45884070
DXS,20 Dec 2010,.805,.805,.795,.805,22589867
DXS,21 Dec 2010,.805,.81,.8,.805,7487054
DXS,22 Dec 2010,.81,.815,.805,.815,19224461
DXS,23 Dec 2010,.8,.815,.79,.815,10869449
DXS,24 Dec 2010,.815,.825,.81,.82,9632652
DXS,29 Dec 2010,.82,.82,.805,.815,19220170
DXS,30 Dec 2010,.82,.82,.81,.81,7534927
DXS,31 Dec 2010,.81,.82,.795,.795,5785261
DXS,04 Jan 2011,.8,.805,.78,.79,14791787
DXS,05 Jan 2011,.785,.805,.785,.805,23018507
DXS,06 Jan 2011,.8,.81,.795,.81,23302685
DXS,07 Jan 2011,.81,.81,.8,.805,20749758
DXS,10 Jan 2011,.805,.81,.8,.81,24994417
DXS,11 Jan 2011,.805,.825,.8,.815,50638912
DXS,12 Jan 2011,.81,.83,.81,.825,25055079
DXS,13 Jan 2011,.83,.84,.825,.84,22695525
DXS,14 Jan 2011,.835,.84,.82,.825,36244023
DXS,17 Jan 2011,.825,.825,.81,.82,18145029
DXS,18 Jan 2011,.82,.83,.815,.83,10811648
DXS,19 Jan 2011,.825,.83,.82,.83,38908114
DXS,20 Jan 2011,.82,.825,.815,.82,33683132
DXS,21 Jan 2011,.82,.825,.81,.815,31199775
DXS,24 Jan 2011,.82,.84,.82,.84,22453726
DXS,25 Jan 2011,.835,.84,.825,.84,24084486
DXS,27 Jan 2011,.84,.845,.825,.835,21235180
DXS,28 Jan 2011,.835,.84,.825,.84,10268597
DXS,31 Jan 2011,.835,.84,.83,.83,9911287
DXS,01 Feb 2011,.83,.84,.83,.835,33585181
DXS,02 Feb 2011,.84,.85,.835,.85,35319750
DXS,03 Feb 2011,.85,.86,.84,.855,19510309
DXS,04 Feb 2011,.855,.865,.85,.86,20563390
DXS,07 Feb 2011,.86,.865,.85,.85,8046587
DXS,08 Feb 2011,.86,.86,.84,.86,36072156
DXS,09 Feb 2011,.86,.865,.85,.86,19099114
DXS,10 Feb 2011,.855,.865,.85,.86,25229358
DXS,11 Feb 2011,.86,.86,.85,.85,21767811
DXS,14 Feb 2011,.85,.855,.845,.85,16610240
DXS,15 Feb 2011,.85,.87,.85,.865,15464179
DXS,16 Feb 2011,.865,.89,.86,.88,33652507
DXS,17 Feb 2011,.88,.9,.875,.9,38253382
DXS,18 Feb 2011,.9,.905,.89,.89,30136770
DXS,20 Feb 2011,.9,.905,.89,.89,30136770
DXS,21 Feb 2011,.895,.905,.88,.9,27021756
DXS,22 Feb 2011,.905,.905,.875,.875,22436319
DXS,23 Feb 2011,.865,.88,.86,.865,26170115
DXS,24 Feb 2011,.86,.87,.855,.855,16088851
DXS,25 Feb 2011,.85,.87,.85,.86,17039175
DXS,28 Feb 2011,.865,.865,.845,.855,13321322
DXS,01 Mar 2011,.86,.865,.85,.85,29807010
DXS,02 Mar 2011,.845,.85,.84,.85,8082424
DXS,03 Mar 2011,.85,.855,.84,.845,13955114
DXS,04 Mar 2011,.85,.875,.845,.87,37858070
DXS,07 Mar 2011,.865,.87,.855,.865,14815213
DXS,08 Mar 2011,.86,.865,.85,.865,28283927
DXS,09 Mar 2011,.86,.87,.855,.865,16302796
DXS,10 Mar 2011,.865,.87,.86,.86,17274467
DXS,11 Mar 2011,.85,.855,.84,.845,31901000
DXS,14 Mar 2011,.845,.86,.84,.86,17107440
DXS,15 Mar 2011,.855,.855,.82,.84,37374770
DXS,16 Mar 2011,.83,.84,.815,.815,38401373
DXS,17 Mar 2011,.805,.835,.805,.835,41468352
DXS,18 Mar 2011,.84,.84,.825,.83,32318500
DXS,21 Mar 2011,.83,.835,.815,.835,13331819
DXS,22 Mar 2011,.83,.845,.825,.835,26335218
DXS,23 Mar 2011,.835,.835,.825,.83,24072582
DXS,24 Mar 2011,.835,.855,.83,.845,21351971
DXS,25 Mar 2011,.85,.855,.835,.855,18724141
DXS,28 Mar 2011,.845,.85,.84,.85,15315667
DXS,29 Mar 2011,.85,.855,.835,.85,34349076
DXS,30 Mar 2011,.85,.86,.845,.85,21902159
DXS,31 Mar 2011,.845,.86,.845,.85,21264084
DXS,01 Apr 2011,.85,.865,.845,.86,9744639
DXS,04 Apr 2011,.865,.87,.855,.87,15152075
DXS,05 Apr 2011,.875,.88,.86,.865,14813981
DXS,06 Apr 2011,.87,.87,.86,.865,7942144
DXS,07 Apr 2011,.87,.875,.86,.865,17594429
DXS,08 Apr 2011,.87,.875,.855,.865,18129168
DXS,11 Apr 2011,.865,.88,.855,.875,46040321
DXS,12 Apr 2011,.87,.875,.85,.85,27430192
DXS,13 Apr 2011,.85,.88,.85,.87,41323640
DXS,14 Apr 2011,.855,.865,.845,.855,31525225
DXS,15 Apr 2011,.86,.865,.855,.86,22861283
DXS,18 Apr 2011,.855,.865,.85,.855,32879710
DXS,19 Apr 2011,.85,.86,.845,.85,21428560
DXS,20 Apr 2011,.85,.865,.85,.865,15451776
DXS,21 Apr 2011,.875,.88,.87,.88,6720724
DXS,27 Apr 2011,.9,.905,.88,.88,22908703
DXS,28 Apr 2011,.9,.9,.87,.87,9264899
DXS,29 Apr 2011,.87,.885,.865,.88,21303391
DXS,02 May 2011,.89,.895,.88,.885,28852646
DXS,03 May 2011,.88,.89,.87,.87,10302386
DXS,04 May 2011,.875,.875,.855,.86,30897274
DXS,05 May 2011,.855,.86,.845,.85,14776587
DXS,06 May 2011,.845,.865,.84,.85,18016501
DXS,09 May 2011,.85,.855,.84,.855,6699797
DXS,10 May 2011,.86,.865,.85,.85,8563543
DXS,11 May 2011,.855,.865,.85,.86,13072277
DXS,12 May 2011,.865,.865,.855,.855,14323154
DXS,13 May 2011,.85,.86,.85,.855,15618405
DXS,16 May 2011,.85,.855,.845,.855,25364069
DXS,17 May 2011,.855,.86,.85,.86,14318951
DXS,18 May 2011,.855,.862,.85,.86,31093102
DXS,19 May 2011,.86,.88,.855,.88,49350327
DXS,20 May 2011,.88,.895,.875,.89,21228858
DXS,23 May 2011,.88,.88,.87,.875,17181628
DXS,24 May 2011,.875,.88,.865,.865,19662528
DXS,25 May 2011,.87,.87,.85,.855,25126808
DXS,26 May 2011,.86,.87,.86,.87,9886214
DXS,27 May 2011,.87,.88,.87,.88,20773316
DXS,30 May 2011,.88,.89,.875,.89,12039598
DXS,31 May 2011,.885,.895,.88,.885,24340973
DXS,01 Jun 2011,.895,.905,.88,.9,40651054
DXS,02 Jun 2011,.89,.905,.89,.9,22491079
DXS,03 Jun 2011,.9,.9,.89,.895,12928256
DXS,06 Jun 2011,.9,.9,.885,.9,19381329
DXS,07 Jun 2011,.9,.915,.89,.91,29120973
DXS,08 Jun 2011,.91,.925,.905,.92,33646361
DXS,09 Jun 2011,.915,.925,.91,.915,71188058
DXS,10 Jun 2011,.91,.915,.89,.9,16581782
DXS,14 Jun 2011,.9,.905,.895,.9,18639918
DXS,15 Jun 2011,.905,.91,.9,.905,23286211
DXS,16 Jun 2011,.9,.905,.895,.895,28405962
DXS,17 Jun 2011,.895,.905,.895,.905,16174822
DXS,20 Jun 2011,.905,.91,.895,.905,31958095
DXS,21 Jun 2011,.905,.91,.9,.905,17922932
DXS,22 Jun 2011,.91,.91,.895,.895,24844987
DXS,23 Jun 2011,.9,.91,.895,.905,19983439
DXS,24 Jun 2011,.89,.895,.875,.89,16720803
DXS,27 Jun 2011,.875,.89,.87,.885,24746329
DXS,28 Jun 2011,.89,.895,.88,.885,14601093
DXS,29 Jun 2011,.89,.89,.867,.87,19113016
DXS,30 Jun 2011,.875,.885,.865,.88,23334264
DXS,01 Jul 2011,.875,.885,.865,.88,29452446
DXS,04 Jul 2011,.885,.89,.88,.885,14524770
DXS,05 Jul 2011,.88,.885,.88,.88,9287084
DXS,06 Jul 2011,.885,.895,.88,.89,27053126
DXS,07 Jul 2011,.89,.895,.885,.89,9299745
DXS,08 Jul 2011,.89,.895,.89,.89,10487320
DXS,11 Jul 2011,.89,.895,.88,.885,23430585
DXS,12 Jul 2011,.875,.88,.86,.865,21191397
DXS,13 Jul 2011,.87,.87,.85,.855,10918857
DXS,14 Jul 2011,.855,.86,.85,.855,10696007
DXS,15 Jul 2011,.85,.86,.845,.85,17829707
DXS,18 Jul 2011,.85,.855,.845,.85,11045949
DXS,19 Jul 2011,.84,.85,.83,.83,20787335
DXS,20 Jul 2011,.84,.855,.835,.85,13710471
DXS,21 Jul 2011,.855,.86,.85,.86,48607456
DXS,22 Jul 2011,.855,.86,.85,.86,20986770
DXS,25 Jul 2011,.86,.865,.85,.85,15904544
DXS,26 Jul 2011,.85,.87,.845,.87,27994379
DXS,27 Jul 2011,.86,.88,.86,.87,38061369
DXS,28 Jul 2011,.865,.88,.86,.865,32099115
DXS,29 Jul 2011,.865,.87,.86,.865,22138988
DXS,01 Aug 2011,.82,.87,.82,.87,13289726
DXS,02 Aug 2011,.87,.88,.865,.87,18115430
DXS,03 Aug 2011,.87,.875,.85,.85,10916093
DXS,04 Aug 2011,.845,.855,.84,.845,19660237
DXS,05 Aug 2011,.845,.85,.8,.8,31154042
DXS,08 Aug 2011,.76,.8,.757,.775,37762986
DXS,09 Aug 2011,.74,.795,.735,.785,38084499
DXS,10 Aug 2011,.765,.79,.755,.775,28904958
DXS,11 Aug 2011,.775,.775,.735,.755,24930103
DXS,12 Aug 2011,.76,.765,.74,.75,56263130
DXS,15 Aug 2011,.765,.78,.745,.77,47760108
DXS,16 Aug 2011,.77,.805,.765,.79,45505443
DXS,17 Aug 2011,.795,.83,.785,.82,59932992
DXS,18 Aug 2011,.835,.835,.795,.805,42807375
DXS,19 Aug 2011,.79,.8,.77,.775,20479163
DXS,22 Aug 2011,.77,.79,.755,.76,37415475
DXS,23 Aug 2011,.77,.775,.755,.77,20786428
DXS,24 Aug 2011,.78,.79,.777,.785,15199138
DXS,25 Aug 2011,.79,.81,.78,.78,32172343
DXS,26 Aug 2011,.785,.795,.775,.79,22494750
DXS,29 Aug 2011,.8,.835,.795,.82,16877834
DXS,30 Aug 2011,.835,.85,.825,.85,20556167
DXS,31 Aug 2011,.85,.862,.83,.86,40208279
DXS,01 Sep 2011,.885,.885,.86,.865,28284656
DXS,02 Sep 2011,.855,.87,.85,.86,15684800
DXS,05 Sep 2011,.865,.865,.835,.845,16657347
DXS,06 Sep 2011,.825,.86,.825,.845,38053616
DXS,07 Sep 2011,.845,.86,.845,.86,26095285
DXS,08 Sep 2011,.875,.882,.86,.865,33786404
DXS,09 Sep 2011,.845,.88,.845,.87,16794644
DXS,12 Sep 2011,.85,.86,.82,.82,26368896
DXS,13 Sep 2011,.835,.84,.815,.83,41057033
DXS,14 Sep 2011,.84,.847,.815,.815,25788418
DXS,15 Sep 2011,.825,.835,.82,.825,38521804
DXS,16 Sep 2011,.83,.84,.825,.835,26637477
DXS,19 Sep 2011,.835,.84,.82,.82,9958414
DXS,20 Sep 2011,.815,.82,.8,.81,12817091
DXS,21 Sep 2011,.82,.83,.815,.82,12287910
DXS,22 Sep 2011,.82,.82,.795,.8,16077335
DXS,23 Sep 2011,.8,.8,.775,.795,28636038
DXS,26 Sep 2011,.81,.82,.805,.81,17472353
DXS,27 Sep 2011,.815,.835,.815,.835,24789422
DXS,28 Sep 2011,.85,.85,.83,.84,37710355
DXS,29 Sep 2011,.84,.845,.82,.825,21982544
DXS,30 Sep 2011,.82,.83,.81,.82,23659832
DXS,03 Oct 2011,.805,.81,.79,.795,7466095
DXS,04 Oct 2011,.785,.79,.767,.78,28171513
DXS,05 Oct 2011,.805,.805,.77,.77,25412031
DXS,06 Oct 2011,.775,.81,.775,.8,13999136
DXS,07 Oct 2011,.805,.82,.8,.81,38023229
DXS,10 Oct 2011,.81,.82,.8,.815,18261518
DXS,11 Oct 2011,.82,.83,.817,.83,17010723
DXS,12 Oct 2011,.82,.825,.815,.815,46109224
DXS,13 Oct 2011,.815,.835,.815,.835,28508842
DXS,14 Oct 2011,.83,.835,.825,.825,4238233
DXS,17 Oct 2011,.84,.84,.83,.835,9164722
DXS,18 Oct 2011,.835,.835,.82,.82,7901329
DXS,19 Oct 2011,.84,.842,.83,.835,16206136
DXS,20 Oct 2011,.835,.835,.815,.815,18672478
DXS,21 Oct 2011,.815,.83,.81,.815,21513090
DXS,24 Oct 2011,.83,.845,.82,.845,12701532
DXS,25 Oct 2011,.85,.85,.835,.845,17339399
DXS,26 Oct 2011,.835,.84,.825,.84,14293499
DXS,27 Oct 2011,.835,.865,.835,.85,10171729
DXS,28 Oct 2011,.85,.86,.835,.86,11325642
DXS,31 Oct 2011,.85,.86,.84,.85,22721092
DXS,01 Nov 2011,.84,.865,.835,.855,23402968
DXS,02 Nov 2011,.825,.845,.825,.83,44474713
DXS,03 Nov 2011,.84,.845,.83,.835,12118580
DXS,04 Nov 2011,.85,.85,.83,.845,24715189
DXS,07 Nov 2011,.845,.855,.835,.855,15543778
DXS,08 Nov 2011,.84,.855,.84,.855,13121420
DXS,09 Nov 2011,.86,.87,.85,.865,15676372
DXS,10 Nov 2011,.855,.865,.85,.855,20551327
DXS,11 Nov 2011,.86,.87,.855,.865,21541974
DXS,14 Nov 2011,.885,.885,.86,.87,11513542
DXS,15 Nov 2011,.865,.87,.845,.845,20618045
DXS,16 Nov 2011,.85,.85,.825,.835,14327548
DXS,17 Nov 2011,.84,.845,.83,.835,10477995
DXS,18 Nov 2011,.825,.835,.815,.82,12480656
DXS,21 Nov 2011,.82,.825,.815,.815,12658325
DXS,22 Nov 2011,.805,.81,.8,.805,21173589
DXS,23 Nov 2011,.81,.82,.79,.79,13282542
DXS,24 Nov 2011,.79,.815,.78,.795,17673968
DXS,25 Nov 2011,.79,.815,.785,.815,35590735
DXS,28 Nov 2011,.825,.85,.825,.84,23360929
DXS,29 Nov 2011,.84,.862,.84,.855,14650041
DXS,30 Nov 2011,.855,.865,.845,.865,24530187
DXS,01 Dec 2011,.875,.875,.862,.87,30038404
DXS,02 Dec 2011,.87,.89,.865,.88,11608379
DXS,03 Dec 2011,.87,.89,.865,.88,11608379
DXS,05 Dec 2011,.89,.9,.88,.885,11111687
DXS,06 Dec 2011,.88,.885,.87,.875,12043329
DXS,07 Dec 2011,.88,.89,.87,.89,13276352
DXS,08 Dec 2011,.88,.89,.875,.88,8937528
DXS,09 Dec 2011,.875,.88,.86,.865,12679119
DXS,12 Dec 2011,.875,.875,.865,.875,6834862
DXS,13 Dec 2011,.865,.875,.86,.865,16976513
DXS,14 Dec 2011,.865,.895,.86,.88,19588201
DXS,15 Dec 2011,.88,.89,.855,.87,36002059
DXS,16 Dec 2011,.88,.885,.865,.87,14840089
DXS,19 Dec 2011,.86,.87,.85,.85,7078691
DXS,20 Dec 2011,.86,.865,.85,.86,11307548
DXS,21 Dec 2011,.87,.875,.86,.875,11527305
DXS,22 Dec 2011,.87,.87,.83,.845,16028377
DXS,23 Dec 2011,.86,.87,.855,.865,4741599
DXS,28 Dec 2011,.855,.867,.835,.85,11706726
DXS,29 Dec 2011,.85,.86,.835,.84,6129137
DXS,30 Dec 2011,.84,.845,.82,.83,11404653
DXS,03 Jan 2012,.845,.85,.84,.845,5235794
DXS,04 Jan 2012,.845,.875,.845,.87,18242566
DXS,05 Jan 2012,.875,.88,.865,.875,13621603
DXS,06 Jan 2012,.875,.88,.87,.87,11745012
DXS,09 Jan 2012,.875,.885,.87,.88,15939111
DXS,10 Jan 2012,.89,.89,.875,.875,11809314
DXS,11 Jan 2012,.88,.895,.88,.885,11130091
DXS,12 Jan 2012,.885,.885,.87,.875,17660023
DXS,13 Jan 2012,.88,.905,.875,.905,17606401
DXS,16 Jan 2012,.895,.9,.887,.895,14961101
DXS,17 Jan 2012,.905,.922,.895,.91,22656934
DXS,18 Jan 2012,.905,.91,.89,.9,14791394
DXS,19 Jan 2012,.9,.9,.88,.88,17194799
DXS,20 Jan 2012,.895,.9,.885,.9,19831611
DXS,23 Jan 2012,.9,.9,.88,.88,12265096
DXS,24 Jan 2012,.89,.895,.88,.88,6267902
DXS,25 Jan 2012,.89,.9,.88,.885,9562229
DXS,27 Jan 2012,.885,.89,.88,.88,14117557
DXS,30 Jan 2012,.88,.89,.88,.88,15180011
DXS,31 Jan 2012,.88,.89,.875,.89,32697790
DXS,01 Feb 2012,.885,.895,.88,.885,27354406
DXS,02 Feb 2012,.895,.895,.875,.875,12234019
DXS,03 Feb 2012,.875,.88,.855,.875,33095850
DXS,06 Feb 2012,.88,.895,.877,.885,11085350
DXS,07 Feb 2012,.895,.9,.89,.895,18139844
DXS,08 Feb 2012,.905,.915,.895,.895,22147186
DXS,09 Feb 2012,.9,.9,.885,.895,15522358
DXS,10 Feb 2012,.9,.91,.89,.9,34709705
DXS,13 Feb 2012,.91,.91,.895,.905,13074747
DXS,14 Feb 2012,.905,.905,.87,.875,21565857
DXS,15 Feb 2012,.885,.9,.88,.89,22056494
DXS,16 Feb 2012,.9,.9,.88,.88,19551949
DXS,17 Feb 2012,.885,.887,.87,.88,10099897
DXS,20 Feb 2012,.89,.89,.875,.885,13394430
DXS,21 Feb 2012,.88,.89,.875,.88,22340911
DXS,22 Feb 2012,.875,.88,.87,.875,35716997
DXS,23 Feb 2012,.88,.895,.875,.895,30175386
DXS,24 Feb 2012,.9,.905,.89,.905,15772215
DXS,27 Feb 2012,.9,.905,.89,.89,11682547
DXS,28 Feb 2012,.895,.895,.885,.895,21537754
DXS,29 Feb 2012,.89,.9,.89,.895,25316435
DXS,01 Mar 2012,.895,.9,.885,.885,21037173
DXS,02 Mar 2012,.89,.895,.875,.885,17037985
DXS,05 Mar 2012,.885,.89,.88,.885,7298979
DXS,06 Mar 2012,.88,.885,.865,.87,40142457
DXS,07 Mar 2012,.87,.875,.86,.86,19403008
DXS,08 Mar 2012,.86,.865,.845,.845,27650668
DXS,09 Mar 2012,.845,.86,.84,.85,27678230
DXS,12 Mar 2012,.855,.86,.85,.855,13863278
DXS,13 Mar 2012,.86,.875,.855,.875,14401376
DXS,14 Mar 2012,.875,.88,.865,.865,12937237
DXS,15 Mar 2012,.86,.87,.86,.865,23341217
DXS,16 Mar 2012,.86,.87,.86,.86,32604798
DXS,19 Mar 2012,.855,.87,.855,.87,10390154
DXS,20 Mar 2012,.875,.875,.86,.865,15319013
DXS,21 Mar 2012,.865,.87,.86,.87,16019765
DXS,22 Mar 2012,.865,.87,.86,.86,23030161
DXS,23 Mar 2012,.86,.86,.85,.86,12873307
DXS,26 Mar 2012,.85,.855,.84,.845,14258023
DXS,27 Mar 2012,.85,.86,.85,.86,23828915
DXS,28 Mar 2012,.86,.875,.855,.87,17290135
DXS,29 Mar 2012,.865,.865,.855,.865,15405902
DXS,30 Mar 2012,.86,.87,.86,.87,29529505
DXS,02 Apr 2012,.87,.885,.865,.865,31551447
DXS,03 Apr 2012,.87,.88,.865,.875,19018280
DXS,04 Apr 2012,.875,.885,.87,.885,14085628
DXS,05 Apr 2012,.88,.905,.877,.905,28274228
DXS,10 Apr 2012,.895,.9,.89,.895,7781786
DXS,11 Apr 2012,.88,.885,.87,.87,25896855
DXS,12 Apr 2012,.87,.89,.865,.89,11275834
DXS,13 Apr 2012,.88,.9,.875,.9,21708353
DXS,16 Apr 2012,.89,.915,.89,.905,11926741
DXS,17 Apr 2012,.91,.915,.902,.905,12103468
DXS,18 Apr 2012,.91,.93,.907,.93,11376326
DXS,19 Apr 2012,.935,.945,.93,.94,53128961
DXS,20 Apr 2012,.935,.94,.915,.92,24600217
DXS,23 Apr 2012,.915,.925,.915,.915,10107459
DXS,24 Apr 2012,.915,.925,.91,.92,22141848
DXS,26 Apr 2012,.925,.93,.9,.905,21508064
DXS,27 Apr 2012,.91,.917,.902,.905,24768734
DXS,30 Apr 2012,.91,.935,.91,.935,22233979
DXS,01 May 2012,.94,.965,.935,.95,41971147
DXS,02 May 2012,.955,.955,.94,.94,16361294
DXS,03 May 2012,.94,.95,.92,.93,21748523
DXS,04 May 2012,.93,.94,.93,.93,12064243
DXS,07 May 2012,.93,.945,.925,.94,18003046
DXS,08 May 2012,.94,.95,.935,.95,22247293
DXS,09 May 2012,.955,.96,.925,.94,43978900
DXS,10 May 2012,.94,.94,.925,.93,15302147
DXS,11 May 2012,.93,.94,.93,.935,22594819
DXS,14 May 2012,.935,.95,.93,.95,15725496
DXS,15 May 2012,.945,.97,.94,.94,32598794
DXS,16 May 2012,.94,.94,.91,.91,17636374
DXS,17 May 2012,.925,.94,.91,.94,20971852
DXS,18 May 2012,.925,.93,.905,.91,26287149
DXS,21 May 2012,.925,.925,.895,.91,29553369
DXS,22 May 2012,.92,.94,.92,.935,27105365
DXS,23 May 2012,.93,.94,.925,.935,12783009
DXS,24 May 2012,.93,.94,.93,.935,14080861
DXS,25 May 2012,.935,.945,.93,.935,20639802
DXS,28 May 2012,.94,.95,.935,.94,26366423
DXS,29 May 2012,.94,.945,.935,.94,22862882
DXS,30 May 2012,.945,.945,.93,.935,42648773
DXS,31 May 2012,.93,.945,.925,.94,42193086
DXS,01 Jun 2012,.945,.955,.935,.95,26769974
DXS,04 Jun 2012,.935,.95,.935,.94,23032106
DXS,05 Jun 2012,.95,.95,.94,.94,25479260
DXS,06 Jun 2012,.945,.947,.93,.94,24484101
DXS,07 Jun 2012,.94,.955,.935,.94,43574506
DXS,08 Jun 2012,.94,.945,.93,.93,21823257
DXS,12 Jun 2012,.94,.94,.92,.925,32433822
DXS,13 Jun 2012,.93,.93,.92,.92,15018268
DXS,14 Jun 2012,.925,.925,.915,.915,19012922
DXS,15 Jun 2012,.915,.92,.905,.91,48780751
DXS,18 Jun 2012,.925,.93,.915,.93,14375252
DXS,19 Jun 2012,.925,.93,.925,.925,21057769
DXS,20 Jun 2012,.935,.935,.925,.925,23170821
DXS,21 Jun 2012,.94,.945,.93,.93,47854139
DXS,22 Jun 2012,.915,.945,.905,.93,35567201
DXS,25 Jun 2012,.92,.93,.905,.93,30799803
DXS,26 Jun 2012,.925,.95,.925,.93,39750424
DXS,27 Jun 2012,.935,.94,.925,.935,31952159
DXS,28 Jun 2012,.935,.94,.92,.92,12682937
DXS,29 Jun 2012,.92,.945,.92,.93,40224151
DXS,02 Jul 2012,.935,.945,.925,.925,32471613
DXS,03 Jul 2012,.925,.93,.925,.93,22307699
DXS,04 Jul 2012,.935,.935,.925,.93,20974905
DXS,05 Jul 2012,.93,.93,.91,.92,29337686
DXS,06 Jul 2012,.92,.925,.915,.92,19161416
DXS,09 Jul 2012,.92,.925,.91,.91,10405661
DXS,10 Jul 2012,.915,.925,.91,.91,12794057
DXS,11 Jul 2012,.91,.935,.905,.93,27240952
DXS,12 Jul 2012,.925,.93,.92,.92,16877779
DXS,13 Jul 2012,.92,.94,.92,.93,16564625
DXS,16 Jul 2012,.94,.94,.93,.935,11234170
DXS,17 Jul 2012,.93,.94,.93,.94,13355406
DXS,18 Jul 2012,.94,.945,.935,.945,22771046
DXS,19 Jul 2012,.95,.955,.945,.95,25121251
DXS,20 Jul 2012,.95,.955,.94,.955,8593465
DXS,23 Jul 2012,.96,.965,.95,.965,14695169
DXS,24 Jul 2012,.965,.975,.955,.96,16260480
DXS,25 Jul 2012,.96,.97,.955,.96,20098191
DXS,26 Jul 2012,.96,.975,.952,.965,18850668
DXS,27 Jul 2012,.975,.975,.96,.97,5770415
DXS,30 Jul 2012,.985,.99,.97,.97,9148427
DXS,31 Jul 2012,.97,.99,.96,.99,22492690
DXS,01 Aug 2012,.995,1.005,.96,.965,16643487
DXS,02 Aug 2012,.975,.995,.975,.99,18905677
DXS,03 Aug 2012,.985,1.002,.985,.99,16486434
DXS,06 Aug 2012,1,1.005,.99,1,7968892
DXS,07 Aug 2012,1,1.005,.995,1.005,23938016
DXS,08 Aug 2012,1.005,1.005,.98,.985,20678755
DXS,09 Aug 2012,.995,.995,.96,.96,15848441
DXS,10 Aug 2012,.96,.965,.945,.945,27918023
DXS,13 Aug 2012,.965,.97,.945,.96,27125059
DXS,14 Aug 2012,.965,.975,.955,.975,18208255
DXS,15 Aug 2012,1,1,.975,.995,15404031
DXS,16 Aug 2012,.98,.985,.96,.97,28525266
DXS,17 Aug 2012,.965,.97,.955,.965,16074015
DXS,20 Aug 2012,.965,.97,.955,.96,14341793
DXS,21 Aug 2012,.96,.97,.955,.96,12204029
DXS,22 Aug 2012,.965,.97,.96,.97,16485739
DXS,23 Aug 2012,.965,.975,.96,.97,19243884
DXS,24 Aug 2012,.965,.972,.96,.965,8956760
DXS,27 Aug 2012,.975,.98,.965,.965,12672863
DXS,28 Aug 2012,.97,.97,.96,.965,11873507
DXS,29 Aug 2012,.965,.975,.96,.965,13307015
DXS,30 Aug 2012,.965,.975,.96,.96,46121147
DXS,31 Aug 2012,.96,.965,.955,.955,20528927
DXS,03 Sep 2012,.96,.98,.955,.975,15043550
DXS,04 Sep 2012,.97,.975,.955,.955,18340704
DXS,05 Sep 2012,.955,.965,.955,.96,22655778
DXS,06 Sep 2012,.965,.98,.96,.975,18131695
DXS,07 Sep 2012,.98,.985,.96,.96,6860034
DXS,10 Sep 2012,.96,.97,.952,.955,18943928
DXS,11 Sep 2012,.955,.965,.95,.96,14027115
DXS,12 Sep 2012,.96,.97,.955,.96,11188940
DXS,13 Sep 2012,.955,.96,.95,.95,5823986
DXS,14 Sep 2012,.955,.965,.95,.955,5708617
DXS,17 Sep 2012,.955,.96,.95,.955,11005117
DXS,18 Sep 2012,.95,.955,.935,.945,24045833
DXS,19 Sep 2012,.945,.95,.94,.945,51496892
DXS,20 Sep 2012,.95,.955,.945,.945,39361905
DXS,21 Sep 2012,.955,.962,.95,.955,28291065
DXS,24 Sep 2012,.955,.965,.955,.96,32831681
DXS,25 Sep 2012,.96,.965,.957,.96,9129522
DXS,26 Sep 2012,.955,.97,.952,.965,10647506
DXS,27 Sep 2012,.955,.97,.952,.96,25522167
DXS,28 Sep 2012,.955,.965,.95,.95,25081579
DXS,01 Oct 2012,.945,.97,.945,.97,9200400
DXS,02 Oct 2012,.975,.975,.955,.96,21128831
DXS,03 Oct 2012,.96,.97,.95,.955,39088858
DXS,04 Oct 2012,.955,.985,.95,.98,17046642
DXS,05 Oct 2012,.97,.98,.965,.97,6184954
DXS,08 Oct 2012,.975,.975,.965,.97,15739983
DXS,09 Oct 2012,.97,.972,.955,.97,11820659
DXS,10 Oct 2012,.96,.97,.96,.96,17559628
DXS,11 Oct 2012,.96,.98,.96,.97,16325234
DXS,12 Oct 2012,.97,.98,.967,.975,12001722
DXS,15 Oct 2012,.975,.98,.96,.97,16889843
DXS,16 Oct 2012,.97,.98,.965,.97,13469979
DXS,17 Oct 2012,.97,.975,.96,.975,12161662
DXS,18 Oct 2012,.98,.98,.96,.96,13585746
DXS,19 Oct 2012,.96,.97,.96,.965,16107762
DXS,22 Oct 2012,.965,.98,.96,.98,8762584
DXS,23 Oct 2012,.97,.982,.97,.97,6209186
DXS,24 Oct 2012,.97,.98,.965,.98,12547024
DXS,25 Oct 2012,.985,1.015,.98,1.01,13479146
DXS,26 Oct 2012,.995,1.005,.985,.985,13653790
DXS,29 Oct 2012,.99,1.01,.985,1,9636730
DXS,30 Oct 2012,1.005,1.01,.98,.99,12390214
DXS,31 Oct 2012,1.005,1.005,.985,.985,12954191
DXS,01 Nov 2012,.985,.99,.98,.98,12595774
DXS,02 Nov 2012,.99,.995,.965,.965,21173425
DXS,05 Nov 2012,.975,.995,.967,.995,13323176
DXS,06 Nov 2012,.995,1,.987,.995,11850485
DXS,07 Nov 2012,.995,1.01,.995,1.01,12563698
DXS,08 Nov 2012,.995,1,.992,.995,14773718
DXS,09 Nov 2012,.985,1,.985,.99,10831743
DXS,12 Nov 2012,.99,1.005,.985,.99,13651842
DXS,13 Nov 2012,.985,.985,.965,.965,25426930
DXS,14 Nov 2012,.97,.985,.967,.98,7300368
DXS,15 Nov 2012,.985,.99,.98,.985,10452269
DXS,16 Nov 2012,.99,.99,.98,.99,22826683
DXS,19 Nov 2012,.99,.99,.98,.985,7599759
DXS,20 Nov 2012,.985,.985,.975,.975,9072721
DXS,21 Nov 2012,.98,.985,.97,.97,11514714
DXS,22 Nov 2012,.98,.995,.97,.995,9665368
DXS,23 Nov 2012,.99,1,.987,.995,2960639
DXS,26 Nov 2012,1,1.005,.99,.99,5633108
DXS,27 Nov 2012,1,1,.98,.985,15599122
DXS,28 Nov 2012,.985,.99,.965,.97,23278279
DXS,29 Nov 2012,.98,.985,.97,.98,30735578
DXS,30 Nov 2012,.99,1.005,.98,1.005,18894188
DXS,03 Dec 2012,1.01,1.02,1.005,1.02,19052608
DXS,04 Dec 2012,1.01,1.03,1.005,1.01,15637486
DXS,05 Dec 2012,1.01,1.017,.995,.995,8811408
DXS,06 Dec 2012,1.01,1.015,.99,.995,15575597
DXS,07 Dec 2012,1.005,1.025,1.005,1.025,20408992
DXS,10 Dec 2012,1.035,1.045,1.025,1.045,18355450
DXS,11 Dec 2012,1.04,1.045,1.025,1.03,12807653
DXS,12 Dec 2012,1.03,1.03,.995,.995,22145036
DXS,13 Dec 2012,1.01,1.025,.995,1.005,27993663
DXS,14 Dec 2012,1.005,1.025,1.005,1.02,11646210
DXS,17 Dec 2012,1.02,1.035,1.02,1.035,3922716
DXS,18 Dec 2012,1.03,1.037,1.015,1.02,19381292
DXS,19 Dec 2012,1.02,1.025,1.005,1.01,11924588
DXS,20 Dec 2012,1.02,1.055,1.015,1.055,52293650
DXS,21 Dec 2012,1.04,1.045,.99,.99,26914259
DXS,24 Dec 2012,.995,1.01,.995,1,4134054
DXS,27 Dec 2012,1.01,1.015,1,1.01,4291509
DXS,28 Dec 2012,1.015,1.015,1,1.01,4923740
DXS,31 Dec 2012,1.01,1.025,1.005,1.015,5473664
DXS,02 Jan 2013,1.02,1.03,1.01,1.03,5213742
DXS,03 Jan 2013,1.025,1.03,.995,1,17657384
DXS,04 Jan 2013,1.005,1.005,.98,.985,19767368
DXS,07 Jan 2013,.995,1,.985,.99,10962119
DXS,08 Jan 2013,.99,.995,.97,.98,14692755
DXS,09 Jan 2013,.975,.995,.972,.985,27790060
DXS,10 Jan 2013,.98,1.005,.98,1.005,28609590
DXS,11 Jan 2013,1,1.005,.995,1,20330081
DXS,14 Jan 2013,1,1.015,1,1.005,10494417
DXS,15 Jan 2013,1,1.03,1,1.015,35702625
DXS,16 Jan 2013,1.015,1.03,1.012,1.03,19718253
DXS,17 Jan 2013,1.05,1.05,1.015,1.015,19877390
DXS,18 Jan 2013,1.03,1.032,1.015,1.015,13208396
DXS,21 Jan 2013,1.025,1.025,1.01,1.01,10730655
DXS,22 Jan 2013,1.01,1.02,1.01,1.02,9348454
DXS,23 Jan 2013,1.03,1.04,1.025,1.03,12583195
DXS,24 Jan 2013,1.025,1.05,1.025,1.04,22188495
DXS,25 Jan 2013,1.045,1.07,1.04,1.06,28156099
DXS,29 Jan 2013,1.11,1.115,1.06,1.06,25337134
DXS,30 Jan 2013,1.05,1.07,1.05,1.055,14796796
DXS,31 Jan 2013,1.06,1.065,1.045,1.045,21961618
DXS,01 Feb 2013,1.055,1.08,1.055,1.06,22199187
DXS,04 Feb 2013,1.07,1.07,1.05,1.05,5324985
DXS,05 Feb 2013,1.035,1.05,1.035,1.04,14273711
DXS,06 Feb 2013,1.05,1.065,1.05,1.05,14366649
DXS,07 Feb 2013,1.06,1.062,1.055,1.06,22203892
DXS,08 Feb 2013,1.06,1.09,1.055,1.09,24752815
DXS,11 Feb 2013,1.09,1.095,1.07,1.08,9172123
DXS,12 Feb 2013,1.09,1.09,1.065,1.07,8600655
DXS,13 Feb 2013,1.06,1.067,1.052,1.055,10783051
DXS,14 Feb 2013,1.055,1.065,1.04,1.045,18171439
DXS,15 Feb 2013,1.045,1.045,1.025,1.04,15864830
DXS,18 Feb 2013,1.045,1.045,1.03,1.035,18376621
DXS,19 Feb 2013,1.03,1.055,1.03,1.055,13625536
DXS,20 Feb 2013,1.06,1.087,1.055,1.07,27008738
DXS,21 Feb 2013,1.07,1.09,1.05,1.05,17360831
DXS,22 Feb 2013,1.06,1.07,1.045,1.045,15462983
DXS,25 Feb 2013,1.055,1.07,1.05,1.05,19846658
DXS,26 Feb 2013,1.045,1.072,1.032,1.065,15653037
DXS,27 Feb 2013,1.075,1.085,1.065,1.075,16905929
DXS,28 Feb 2013,1.08,1.09,1.07,1.09,19042371
DXS,01 Mar 2013,1.08,1.09,1.06,1.065,19035748
DXS,04 Mar 2013,1.075,1.075,1.045,1.05,18196077
DXS,05 Mar 2013,1.045,1.062,1.045,1.06,22124442
DXS,06 Mar 2013,1.065,1.07,1.055,1.055,10527982
DXS,07 Mar 2013,1.06,1.06,1.047,1.055,13271321
DXS,08 Mar 2013,1.05,1.05,1.035,1.045,14057090
DXS,11 Mar 2013,1.05,1.06,1.045,1.05,10506189
DXS,12 Mar 2013,1.055,1.07,1.055,1.06,9138497
DXS,13 Mar 2013,1.065,1.07,1.05,1.055,9364496
DXS,14 Mar 2013,1.055,1.062,1.045,1.045,16716992
DXS,15 Mar 2013,1.04,1.05,1.035,1.04,31304304
DXS,18 Mar 2013,1.035,1.04,1.02,1.02,29850350
DXS,19 Mar 2013,1.03,1.06,1.025,1.04,35397714
DXS,20 Mar 2013,1.04,1.065,1.03,1.05,22566619
DXS,21 Mar 2013,1.06,1.06,1.035,1.045,28901777
DXS,22 Mar 2013,1.035,1.055,1.035,1.045,13328868
DXS,25 Mar 2013,1.045,1.06,1.025,1.025,16962952
DXS,26 Mar 2013,1.025,1.06,1.02,1.06,19035421
DXS,27 Mar 2013,1.065,1.085,1.06,1.075,19655742
DXS,28 Mar 2013,1.065,1.072,1.04,1.04,34112743
DXS,02 Apr 2013,1.055,1.075,1.05,1.05,27859174
DXS,03 Apr 2013,1.06,1.085,1.055,1.065,17345119
DXS,04 Apr 2013,1.06,1.09,1.06,1.08,23104871
DXS,05 Apr 2013,1.09,1.095,1.067,1.085,19431719
DXS,08 Apr 2013,1.07,1.095,1.07,1.08,18417573
DXS,09 Apr 2013,1.085,1.085,1.07,1.07,13853650
DXS,10 Apr 2013,1.07,1.075,1.06,1.07,11067230
DXS,11 Apr 2013,1.075,1.107,1.075,1.105,23003787
DXS,12 Apr 2013,1.12,1.132,1.115,1.13,26416080
DXS,14 Apr 2013,1.12,1.132,1.115,1.13,26416080
DXS,15 Apr 2013,1.13,1.132,1.11,1.12,13480973
DXS,16 Apr 2013,1.125,1.125,1.105,1.115,11895806
DXS,17 Apr 2013,1.13,1.165,1.13,1.16,25952432
DXS,18 Apr 2013,1.14,1.155,1.13,1.14,20684619
DXS,19 Apr 2013,1.14,1.155,1.14,1.14,9113241
DXS,22 Apr 2013,1.15,1.15,1.125,1.125,8274886
DXS,23 Apr 2013,1.135,1.15,1.13,1.14,8479797
DXS,24 Apr 2013,1.145,1.16,1.13,1.13,22327260
DXS,26 Apr 2013,1.15,1.155,1.13,1.13,16385165
DXS,29 Apr 2013,1.14,1.155,1.12,1.135,9752797
DXS,30 Apr 2013,1.145,1.17,1.14,1.155,20342096
DXS,01 May 2013,1.15,1.162,1.145,1.145,8184419
DXS,02 May 2013,1.135,1.182,1.135,1.175,13885340
DXS,03 May 2013,1.17,1.197,1.17,1.175,17609109
DXS,06 May 2013,1.18,1.2,1.162,1.17,15621574
DXS,07 May 2013,1.17,1.19,1.155,1.19,20194475
DXS,08 May 2013,1.18,1.195,1.175,1.185,20139269
DXS,09 May 2013,1.175,1.195,1.165,1.195,14798117
DXS,10 May 2013,1.18,1.2,1.17,1.18,9743404
DXS,13 May 2013,1.195,1.195,1.175,1.18,13832448
DXS,14 May 2013,1.19,1.2,1.185,1.2,14225160
DXS,15 May 2013,1.22,1.24,1.185,1.19,17947951
DXS,16 May 2013,1.205,1.21,1.17,1.185,17982996
DXS,17 May 2013,1.2,1.22,1.18,1.22,32374410
DXS,20 May 2013,1.21,1.24,1.195,1.2,13422141
DXS,21 May 2013,1.205,1.207,1.18,1.195,14508765
DXS,22 May 2013,1.175,1.185,1.155,1.16,23406147
DXS,23 May 2013,1.15,1.16,1.135,1.14,31971895
DXS,24 May 2013,1.145,1.155,1.105,1.12,22013242
DXS,27 May 2013,1.14,1.14,1.12,1.12,19464364
DXS,28 May 2013,1.11,1.14,1.11,1.125,10002270
DXS,29 May 2013,1.125,1.135,1.115,1.115,11415255
DXS,30 May 2013,1.115,1.12,1.09,1.095,12679377
DXS,31 May 2013,1.095,1.115,1.095,1.1,27529946
DXS,03 Jun 2013,1.09,1.095,1.065,1.065,20650894
DXS,04 Jun 2013,1.08,1.1,1.065,1.085,17735500
DXS,05 Jun 2013,1.075,1.08,1.055,1.065,17847012
DXS,06 Jun 2013,1.05,1.07,1.05,1.07,26789042
DXS,07 Jun 2013,1.07,1.085,1.06,1.065,12329467
DXS,11 Jun 2013,1.08,1.085,1.06,1.07,30513450
DXS,12 Jun 2013,1.065,1.075,1.03,1.04,27201362
DXS,13 Jun 2013,1.03,1.035,1.007,1.01,47898270
DXS,14 Jun 2013,1.03,1.05,1.025,1.05,23987228
DXS,17 Jun 2013,1.045,1.06,1.04,1.05,17963470
DXS,18 Jun 2013,1.07,1.095,1.065,1.085,30851738
DXS,19 Jun 2013,1.1,1.11,1.085,1.105,18164432
DXS,20 Jun 2013,1.07,1.09,1.07,1.075,22436672
DXS,21 Jun 2013,1.03,1.052,1.03,1.035,37266536
DXS,24 Jun 2013,.99,1.015,.98,1.01,23810909
DXS,25 Jun 2013,1.01,1.04,1.005,1.015,21224753
DXS,26 Jun 2013,1.015,1.047,1.01,1.035,11345680
DXS,27 Jun 2013,1.05,1.05,1.03,1.045,11090640
DXS,28 Jun 2013,1.055,1.09,1.055,1.07,20745372
DXS,01 Jul 2013,1.065,1.075,1.035,1.045,9887161
DXS,02 Jul 2013,1.05,1.07,1.04,1.07,27365735
DXS,03 Jul 2013,1.055,1.065,1.027,1.04,22239236
DXS,04 Jul 2013,1.04,1.057,1.035,1.045,7130472
DXS,05 Jul 2013,1.045,1.087,1.045,1.08,19411327
DXS,08 Jul 2013,1.08,1.092,1.07,1.07,11143233
DXS,09 Jul 2013,1.08,1.1,1.08,1.09,10918558
DXS,10 Jul 2013,1.09,1.095,1.045,1.06,18442411
DXS,11 Jul 2013,1.075,1.08,1.055,1.06,14811697
DXS,12 Jul 2013,1.06,1.07,1.05,1.055,11866712
DXS,15 Jul 2013,1.065,1.075,1.05,1.055,18015675
DXS,16 Jul 2013,1.06,1.067,1.042,1.05,13121512
DXS,17 Jul 2013,1.045,1.06,1.035,1.04,10807195
DXS,18 Jul 2013,1.05,1.055,1.037,1.045,15192731
DXS,19 Jul 2013,1.05,1.065,1.04,1.065,9896201
DXS,22 Jul 2013,1.065,1.075,1.04,1.055,8306139
DXS,23 Jul 2013,1.045,1.05,1.025,1.035,14303495
DXS,24 Jul 2013,1.035,1.045,1.022,1.03,15316790
DXS,25 Jul 2013,1.03,1.06,1.025,1.05,28011734
DXS,26 Jul 2013,1.055,1.072,1.05,1.065,21654584
DXS,29 Jul 2013,1.065,1.075,1.06,1.065,9143438
DXS,30 Jul 2013,1.07,1.07,1.045,1.045,16890972
DXS,31 Jul 2013,1.055,1.065,1.04,1.05,22593699
DXS,01 Aug 2013,1.045,1.055,1.02,1.03,28283702
DXS,02 Aug 2013,1.04,1.045,.997,1.015,26189213
DXS,05 Aug 2013,1.01,1.02,1,1,11598750
DXS,06 Aug 2013,1.005,1.017,1,1,19974951
DXS,07 Aug 2013,1.01,1.02,1,1.005,20026529
DXS,08 Aug 2013,1.005,1.035,.99,1.03,37309646
DXS,09 Aug 2013,1.02,1.03,1.01,1.03,22578364
DXS,12 Aug 2013,1.035,1.05,1.03,1.05,20611993
DXS,13 Aug 2013,1.035,1.04,1.02,1.035,23403361
DXS,14 Aug 2013,1.03,1.045,1.025,1.04,14601438
DXS,15 Aug 2013,1.04,1.042,1.015,1.02,16159925
DXS,16 Aug 2013,1.015,1.025,1.015,1.025,9279509
DXS,19 Aug 2013,1.015,1.025,1.005,1.015,16059523
DXS,20 Aug 2013,1.015,1.025,1.007,1.02,18155159
DXS,21 Aug 2013,1.025,1.04,1.025,1.025,14795306
DXS,22 Aug 2013,1.02,1.045,1.02,1.04,13568761
DXS,23 Aug 2013,1.04,1.042,1.025,1.025,17101350
DXS,26 Aug 2013,1.02,1.037,1.02,1.03,18515859
DXS,27 Aug 2013,1.035,1.045,1.03,1.04,12780647
DXS,28 Aug 2013,1.025,1.035,1.02,1.02,24111502
DXS,29 Aug 2013,1.02,1.03,1.01,1.015,21059437
DXS,30 Aug 2013,1.02,1.032,1.015,1.03,48233311
DXS,02 Sep 2013,1.025,1.03,1.017,1.025,13218685
DXS,03 Sep 2013,1.03,1.04,1.02,1.035,16232551
DXS,04 Sep 2013,1.035,1.04,1.025,1.025,10145888
DXS,05 Sep 2013,1.03,1.032,1.005,1.005,20788474
DXS,06 Sep 2013,1.01,1.015,1,1.01,21548171
DXS,09 Sep 2013,1.015,1.025,1.015,1.02,16413560
DXS,10 Sep 2013,1.025,1.03,1.015,1.015,21047893
DXS,11 Sep 2013,1.02,1.022,.995,1.005,43421856
DXS,12 Sep 2013,1.01,1.01,1.002,1.005,35171690
DXS,13 Sep 2013,1.005,1.02,1.005,1.015,13442327
DXS,16 Sep 2013,1.02,1.025,1.015,1.025,10460289
DXS,17 Sep 2013,1.03,1.035,1.02,1.025,29506513
DXS,18 Sep 2013,1.03,1.045,1.027,1.035,25133758
DXS,19 Sep 2013,1.05,1.055,1.045,1.045,44294920
DXS,20 Sep 2013,1.025,1.035,1.01,1.01,43991103
DXS,23 Sep 2013,1.005,1.01,1,1,16185779
DXS,24 Sep 2013,1,1.01,.997,1.005,16089505
DXS,25 Sep 2013,1.005,1.015,1,1.005,16589155
DXS,26 Sep 2013,1.01,1.01,.99,.99,17257101
DXS,27 Sep 2013,1,1.015,.997,1.01,11167815
DXS,30 Sep 2013,1.015,1.02,1.005,1.005,16070937
DXS,01 Oct 2013,1.02,1.02,1,1,10294186
DXS,02 Oct 2013,1.01,1.025,1.005,1.02,13383771
DXS,03 Oct 2013,1.02,1.052,1.015,1.04,29224720
DXS,04 Oct 2013,1.04,1.055,1.04,1.045,17755485
DXS,07 Oct 2013,1.055,1.07,1.052,1.065,16450191
DXS,08 Oct 2013,1.06,1.065,1.035,1.035,18743688
DXS,09 Oct 2013,1.03,1.047,1.03,1.04,17523358
DXS,10 Oct 2013,1.04,1.05,1.035,1.04,10810788
DXS,11 Oct 2013,1.045,1.06,1.042,1.06,25350394
DXS,14 Oct 2013,1.055,1.07,1.05,1.06,40941039
DXS,15 Oct 2013,1.065,1.075,1.06,1.065,33598324
DXS,16 Oct 2013,1.06,1.07,1.055,1.06,25811426
DXS,17 Oct 2013,1.07,1.075,1.06,1.06,26260090
DXS,18 Oct 2013,1.07,1.08,1.06,1.08,28251471
DXS,21 Oct 2013,1.08,1.1,1.08,1.085,15663301
DXS,22 Oct 2013,1.085,1.09,1.047,1.05,26481523
DXS,23 Oct 2013,1.06,1.065,1.05,1.05,11448501
DXS,24 Oct 2013,1.055,1.065,1.055,1.06,7472590
DXS,25 Oct 2013,1.06,1.065,1.055,1.055,16611696
DXS,28 Oct 2013,1.065,1.08,1.062,1.075,23487202
DXS,29 Oct 2013,1.075,1.085,1.067,1.08,19704469
DXS,30 Oct 2013,1.085,1.087,1.075,1.085,14008127
DXS,31 Oct 2013,1.08,1.09,1.075,1.085,22361169
DXS,01 Nov 2013,1.08,1.08,1.06,1.065,13427434
DXS,04 Nov 2013,1.06,1.062,1.05,1.05,20309721
DXS,05 Nov 2013,1.055,1.075,1.05,1.065,16110587
DXS,06 Nov 2013,1.055,1.067,1.055,1.055,11213699
DXS,07 Nov 2013,1.055,1.065,1.052,1.06,18449153
DXS,08 Nov 2013,1.06,1.06,1.06,1.06,154106
DXS,11 Nov 2013,1.065,1.072,1.06,1.07,30187817
DXS,12 Nov 2013,1.07,1.075,1.065,1.07,9527265
DXS,13 Nov 2013,1.075,1.09,1.07,1.08,33735056
DXS,14 Nov 2013,1.09,1.09,1.08,1.085,17687082
DXS,15 Nov 2013,1.085,1.09,1.08,1.09,15150799
DXS,18 Nov 2013,1.09,1.095,1.085,1.09,16609242
DXS,19 Nov 2013,1.09,1.11,1.065,1.07,41590969
DXS,20 Nov 2013,1.07,1.082,1.065,1.065,28397335
DXS,21 Nov 2013,1.065,1.067,1.05,1.05,37238696
DXS,22 Nov 2013,1.055,1.065,1.045,1.045,22527268
DXS,23 Nov 2013,0,0,0,0,0
DXS,25 Nov 2013,1.06,1.07,1.05,1.06,17240566
DXS,26 Nov 2013,1.06,1.065,1.04,1.045,28007471
DXS,27 Nov 2013,1.045,1.05,1.04,1.045,8901034
DXS,28 Nov 2013,1.04,1.047,1.037,1.045,8536104
DXS,29 Nov 2013,1.045,1.047,1.037,1.045,9508852
DXS,02 Dec 2013,1.04,1.045,1.015,1.02,20501043
DXS,03 Dec 2013,1.02,1.03,1.02,1.025,11702030
DXS,04 Dec 2013,1.035,1.035,1.012,1.02,19239935
DXS,05 Dec 2013,1.02,1.025,1.01,1.015,12627974
DXS,06 Dec 2013,1.02,1.03,1.015,1.02,10532524
DXS,09 Dec 2013,1.025,1.03,1.005,1.015,22653941
DXS,10 Dec 2013,1.03,1.04,1.015,1.015,24174494
DXS,11 Dec 2013,1.025,1.027,1.007,1.01,22487693
DXS,12 Dec 2013,1.02,1.025,.98,.995,32162663
DXS,13 Dec 2013,.995,1.03,.99,1.025,20949706
DXS,16 Dec 2013,1.02,1.035,1.015,1.025,15987356
DXS,17 Dec 2013,1.025,1.03,1.017,1.02,15011664
DXS,18 Dec 2013,1.025,1.025,1.005,1.005,22871621
DXS,19 Dec 2013,1,1.015,.995,1.015,26687592
DXS,20 Dec 2013,1.02,1.045,1.015,1.045,40043888
DXS,23 Dec 2013,1.025,1.03,1,1.02,17744927
DXS,24 Dec 2013,1.025,1.025,1.01,1.02,5836745
DXS,27 Dec 2013,1.025,1.025,1,1.005,6856923
DXS,30 Dec 2013,1.015,1.03,1.01,1.015,7948235
DXS,31 Dec 2013,1.015,1.025,1.005,1.005,9086671
DXS,02 Jan 2014,1.01,1.02,1,1.02,9448664
DXS,03 Jan 2014,1.01,1.02,1.01,1.02,7131918
DXS,06 Jan 2014,1.025,1.025,.997,1,14220718
DXS,07 Jan 2014,1.015,1.03,1.005,1.03,22652846
DXS,08 Jan 2014,1.03,1.04,1.025,1.04,21424041
DXS,09 Jan 2014,1.045,1.045,1.025,1.035,18314744
DXS,10 Jan 2014,1.035,1.04,1.022,1.03,25022210
DXS,13 Jan 2014,1.025,1.045,1.025,1.04,12258563
DXS,14 Jan 2014,1.04,1.042,1.02,1.025,24714582
DXS,15 Jan 2014,1.03,1.03,1.025,1.03,13791228
DXS,16 Jan 2014,1.03,1.055,1.025,1.055,25915260
DXS,17 Jan 2014,1.05,1.05,1.04,1.05,29751987
DXS,20 Jan 2014,1.05,1.05,1.035,1.035,9186427
DXS,21 Jan 2014,1.035,1.04,1.025,1.035,15871923
DXS,22 Jan 2014,1.04,1.04,1.03,1.04,12963258
DXS,23 Jan 2014,1.04,1.042,1.03,1.03,13377233
DXS,24 Jan 2014,1.03,1.03,1.017,1.02,16464658
DXS,28 Jan 2014,1.01,1.02,1.005,1.005,25098571
DXS,29 Jan 2014,1.015,1.015,1.002,1.005,14479032
DXS,30 Jan 2014,1,1.005,.995,1,17930567
DXS,31 Jan 2014,1,1.002,.995,.995,17817794
DXS,03 Feb 2014,.995,1.01,.995,1.005,11080835
DXS,04 Feb 2014,1,1.015,.995,1.015,40881098
DXS,05 Feb 2014,1.015,1.02,1.005,1.01,19778519
DXS,06 Feb 2014,1.01,1.012,1.005,1.01,24821068
DXS,07 Feb 2014,1.01,1.02,1.01,1.02,29516297
DXS,08 Feb 2014,0,0,0,0,0
DXS,10 Feb 2014,1.02,1.02,1.01,1.02,11673971
DXS,11 Feb 2014,1.02,1.03,1.015,1.025,14387522
DXS,12 Feb 2014,1.035,1.05,1.027,1.045,33752393
DXS,13 Feb 2014,1.045,1.06,1.04,1.055,26275543
DXS,14 Feb 2014,1.06,1.065,1.055,1.065,9719234
DXS,17 Feb 2014,1.065,1.075,1.06,1.075,11595472
DXS,18 Feb 2014,1.075,1.085,1.07,1.08,31721346
DXS,19 Feb 2014,1.08,1.08,1.07,1.07,27486895
DXS,20 Feb 2014,1.07,1.075,1.06,1.065,40430518
DXS,21 Feb 2014,1.075,1.085,1.07,1.075,43843482
DXS,24 Feb 2014,1.08,1.09,1.077,1.09,18332594
DXS,25 Feb 2014,1.085,1.09,1.08,1.09,20267856
DXS,26 Feb 2014,1.09,1.09,1.07,1.085,26339188
DXS,27 Feb 2014,1.075,1.075,1.06,1.065,35864655
DXS,28 Feb 2014,1.07,1.075,1.065,1.07,56278195
DXS,03 Mar 2014,1.075,1.08,1.06,1.075,46961281
DXS,04 Mar 2014,1.07,1.08,1.065,1.07,49319281
DXS,05 Mar 2014,1.075,1.085,1.075,1.085,20850297
DXS,06 Mar 2014,1.085,1.09,1.08,1.09,16270561
DXS,07 Mar 2014,1.095,1.1,1.075,1.08,11613391
DXS,10 Mar 2014,1.08,1.085,1.065,1.065,16015793
DXS,11 Mar 2014,1.07,1.07,1.06,1.065,84095233
DXS,12 Mar 2014,1.06,1.065,1.055,1.065,18941346
DXS,13 Mar 2014,1.06,1.07,1.055,1.06,16138781
DXS,14 Mar 2014,1.055,1.06,1.05,1.05,12742144
DXS,17 Mar 2014,1.045,1.052,1.04,1.045,19174349
DXS,18 Mar 2014,1.05,1.05,1.04,1.04,33861092
DXS,19 Mar 2014,1.05,1.055,1.045,1.045,35025423
DXS,20 Mar 2014,1.045,1.05,1.04,1.045,52058530
DXS,21 Mar 2014,1.045,1.045,1.025,1.025,60748706
DXS,24 Mar 2014,1.03,1.055,1.03,1.055,24506638
DXS,25 Mar 2014,1.045,1.055,1.04,1.05,13134374
DXS,26 Mar 2014,1.045,1.052,1.027,1.04,22609571
DXS,27 Mar 2014,1.045,1.06,1.037,1.06,54450417
DXS,28 Mar 2014,1.05,1.057,1.045,1.055,14230346
DXS,31 Mar 2014,1.06,1.065,1.052,1.06,9648674
DXS,01 Apr 2014,1.06,1.065,1.042,1.05,18040375
DXS,02 Apr 2014,1.055,1.06,1.042,1.045,35311784
DXS,03 Apr 2014,1.045,1.055,1.045,1.045,26004984
DXS,04 Apr 2014,1.05,1.055,1.045,1.05,14583305
DXS,07 Apr 2014,1.05,1.06,1.045,1.06,10788599
DXS,08 Apr 2014,1.06,1.065,1.05,1.065,9497257
DXS,09 Apr 2014,1.065,1.085,1.06,1.08,15273298
DXS,10 Apr 2014,1.09,1.11,1.085,1.105,29952024
DXS,11 Apr 2014,1.095,1.1,1.085,1.085,20316894
DXS,14 Apr 2014,1.08,1.09,1.075,1.075,10558743
DXS,15 Apr 2014,1.085,1.087,1.075,1.08,16788302
DXS,16 Apr 2014,1.085,1.09,1.075,1.085,6537701
DXS,17 Apr 2014,1.09,1.105,1.085,1.105,10363447
DXS,22 Apr 2014,1.11,1.11,1.095,1.1,10647011
DXS,23 Apr 2014,1.105,1.115,1.097,1.115,10710791
DXS,24 Apr 2014,1.115,1.13,1.11,1.13,11446841
DXS,28 Apr 2014,1.115,1.14,1.115,1.135,8720875
DXS,29 Apr 2014,1.135,1.14,1.12,1.125,12951173
DXS,30 Apr 2014,1.125,1.135,1.115,1.135,11604633
DXS,01 May 2014,1.14,1.14,1.115,1.12,8252081
DXS,02 May 2014,1.12,1.12,1.1,1.1,10278460
DXS,05 May 2014,1.1,1.11,1.085,1.1,15864676
DXS,06 May 2014,1.11,1.115,1.095,1.095,16291021
DXS,07 May 2014,1.095,1.1,1.08,1.1,28840263
DXS,08 May 2014,1.105,1.115,1.095,1.11,13428816
DXS,09 May 2014,1.105,1.11,1.085,1.11,33351943
DXS,12 May 2014,1.115,1.12,1.105,1.11,10675062
DXS,13 May 2014,1.1,1.1,1.085,1.1,17461776
DXS,14 May 2014,1.1,1.115,1.095,1.11,8390994
DXS,15 May 2014,1.1,1.12,1.1,1.12,10435866
DXS,16 May 2014,1.115,1.122,1.107,1.11,9119277
DXS,19 May 2014,1.11,1.115,1.105,1.11,7887163
DXS,20 May 2014,1.11,1.12,1.105,1.11,7068438
DXS,21 May 2014,1.105,1.125,1.105,1.115,8816598
DXS,22 May 2014,1.125,1.13,1.12,1.13,14649317
DXS,23 May 2014,1.13,1.145,1.125,1.135,21064942
DXS,26 May 2014,1.145,1.145,1.135,1.145,5252113
DXS,27 May 2014,1.145,1.15,1.14,1.14,9242203
DXS,28 May 2014,1.15,1.15,1.125,1.125,18137031
DXS,29 May 2014,1.125,1.132,1.12,1.13,7277536
DXS,30 May 2014,1.13,1.135,1.115,1.115,25323729
DXS,02 Jun 2014,1.115,1.14,1.115,1.14,8897174
DXS,03 Jun 2014,1.14,1.15,1.135,1.135,13139510
DXS,04 Jun 2014,1.15,1.165,1.145,1.15,15917763
DXS,05 Jun 2014,1.16,1.16,1.145,1.15,10035695
DXS,06 Jun 2014,1.145,1.16,1.137,1.15,11999701
DXS,10 Jun 2014,1.17,1.175,1.155,1.155,18102182
DXS,11 Jun 2014,1.16,1.16,1.15,1.15,17149551
DXS,12 Jun 2014,1.15,1.155,1.145,1.145,12799255
DXS,13 Jun 2014,1.14,1.145,1.125,1.13,14478831
DXS,16 Jun 2014,1.13,1.13,1.115,1.125,16201540
DXS,17 Jun 2014,1.125,1.14,1.125,1.14,12571106
DXS,18 Jun 2014,1.14,1.147,1.13,1.13,12423171
DXS,19 Jun 2014,1.115,1.135,1.115,1.135,24643566
DXS,20 Jun 2014,1.14,1.14,1.12,1.12,50005125
DXS,23 Jun 2014,1.12,1.147,1.12,1.145,19440849
DXS,24 Jun 2014,1.135,1.165,1.135,1.155,20300171
DXS,25 Jun 2014,1.155,1.16,1.135,1.14,14595919
DXS,26 Jun 2014,1.125,1.14,1.12,1.14,18516509
DXS,27 Jun 2014,1.135,1.14,1.12,1.13,15986278
DXS,30 Jun 2014,1.13,1.135,1.11,1.11,20313317
DXS,01 Jul 2014,1.11,1.12,1.11,1.12,15937916
DXS,02 Jul 2014,1.125,1.132,1.115,1.13,15358065
DXS,03 Jul 2014,1.135,1.145,1.13,1.135,12118327
DXS,04 Jul 2014,1.14,1.145,1.125,1.125,12664869
DXS,07 Jul 2014,1.125,1.145,1.125,1.14,15353665
DXS,08 Jul 2014,1.135,1.15,1.125,1.145,21830570
DXS,09 Jul 2014,1.145,1.15,1.13,1.135,11267925
DXS,10 Jul 2014,1.14,1.155,1.14,1.15,22024617
DXS,11 Jul 2014,1.145,1.16,1.14,1.14,10644288
DXS,14 Jul 2014,1.145,1.15,1.14,1.145,6028105
DXS,15 Jul 2014,1.155,1.16,1.147,1.15,6913096
DXS,16 Jul 2014,1.155,1.16,1.145,1.16,10464292
DXS,17 Jul 2014,1.16,1.16,1.145,1.145,13397176
DXS,18 Jul 2014,1.14,1.16,1.14,1.16,17954952
DXS,21 Jul 2014,1.16,1.177,1.157,1.175,18609813
DXS,22 Jul 2014,1.18,1.195,1.175,1.185,28689105
DXS,23 Jul 2014,1.19,1.2,1.175,1.19,15579510
DXS,24 Jul 2014,1.195,1.197,1.165,1.175,12811435
DXS,25 Jul 2014,1.165,1.175,1.16,1.165,8322538
DXS,26 Jul 2014,1.165,1.175,1.16,1.165,8322538
DXS,28 Jul 2014,1.17,1.18,1.165,1.165,24112619
DXS,29 Jul 2014,1.16,1.175,1.16,1.165,13060321
DXS,30 Jul 2014,1.165,1.185,1.162,1.18,20003612
DXS,31 Jul 2014,1.18,1.195,1.177,1.19,12626813
DXS,01 Aug 2014,1.175,1.175,1.16,1.165,13183931
DXS,04 Aug 2014,1.17,1.17,1.155,1.17,6772826
DXS,05 Aug 2014,1.17,1.18,1.15,1.15,13529407
DXS,06 Aug 2014,1.15,1.15,1.135,1.15,14665005
DXS,07 Aug 2014,1.15,1.155,1.13,1.14,32287792
DXS,08 Aug 2014,1.135,1.145,1.102,1.115,27030877
DXS,11 Aug 2014,1.13,1.145,1.125,1.14,17595648
DXS,12 Aug 2014,1.145,1.155,1.14,1.15,15948982
DXS,13 Aug 2014,1.14,1.16,1.14,1.155,14715861
DXS,14 Aug 2014,1.165,1.172,1.152,1.155,10994363
DXS,15 Aug 2014,1.155,1.175,1.155,1.17,14071029
DXS,18 Aug 2014,1.175,1.19,1.17,1.185,12820236
DXS,19 Aug 2014,1.19,1.205,1.187,1.2,16655866
DXS,20 Aug 2014,1.21,1.212,1.192,1.21,11448244
DXS,21 Aug 2014,1.225,1.235,1.21,1.225,29822063
DXS,22 Aug 2014,1.23,1.235,1.21,1.225,14476175
DXS,25 Aug 2014,1.215,1.23,1.215,1.23,9466014
DXS,26 Aug 2014,1.21,1.22,1.185,1.19,30103263
DXS,27 Aug 2014,1.195,1.212,1.185,1.205,25644111
DXS,28 Aug 2014,1.195,1.205,1.195,1.2,5148704
DXS,29 Aug 2014,1.2,1.212,1.195,1.205,37401391
DXS,01 Sep 2014,1.215,1.235,1.21,1.22,15981006
DXS,02 Sep 2014,1.225,1.23,1.205,1.215,12992024
DXS,03 Sep 2014,1.22,1.235,1.21,1.22,14828148
DXS,04 Sep 2014,1.215,1.225,1.197,1.2,23697225
DXS,05 Sep 2014,1.205,1.21,1.195,1.2,15075029
DXS,07 Sep 2014,1.205,1.21,1.195,1.2,15075029
DXS,08 Sep 2014,1.2,1.2,1.175,1.18,11090953
DXS,09 Sep 2014,1.185,1.2,1.182,1.2,10537129
DXS,10 Sep 2014,1.175,1.18,1.165,1.165,23946228
DXS,11 Sep 2014,1.17,1.177,1.16,1.165,12333208
DXS,12 Sep 2014,1.165,1.17,1.145,1.165,12781366
DXS,15 Sep 2014,1.15,1.16,1.132,1.145,16342981
DXS,16 Sep 2014,1.145,1.145,1.125,1.13,31415127
DXS,17 Sep 2014,1.125,1.135,1.11,1.11,29338972
DXS,18 Sep 2014,1.13,1.135,1.11,1.12,22267843
DXS,19 Sep 2014,1.13,1.145,1.13,1.13,24920256
DXS,22 Sep 2014,1.125,1.152,1.125,1.145,32593065
DXS,23 Sep 2014,1.135,1.15,1.13,1.14,15011917
DXS,24 Sep 2014,1.13,1.135,1.12,1.13,14639854
DXS,25 Sep 2014,1.14,1.14,1.13,1.135,6702693
DXS,26 Sep 2014,1.12,1.135,1.117,1.12,10363124
DXS,29 Sep 2014,1.11,1.135,1.11,1.125,13582024
DXS,30 Sep 2014,1.12,1.135,1.11,1.11,18734427
DXS,01 Oct 2014,1.105,1.142,1.1,1.135,19521353
DXS,02 Oct 2014,1.125,1.135,1.12,1.125,13782601
DXS,03 Oct 2014,1.125,1.135,1.117,1.125,9873724
DXS,04 Oct 2014,1.125,1.135,1.117,1.125,9873724
DXS,06 Oct 2014,1.12,1.14,1.12,1.125,8407544
DXS,07 Oct 2014,1.13,1.135,1.105,1.13,16015621
DXS,08 Oct 2014,1.115,1.13,1.115,1.12,9377983
DXS,09 Oct 2014,1.135,1.155,1.13,1.145,16042680
DXS,10 Oct 2014,1.125,1.135,1.115,1.125,20134745
DXS,13 Oct 2014,1.115,1.12,1.1,1.105,18651561
DXS,14 Oct 2014,1.1,1.122,1.1,1.115,20471824
DXS,15 Oct 2014,1.115,1.14,1.11,1.13,16125978
DXS,16 Oct 2014,1.125,1.15,1.11,1.14,20429102
DXS,17 Oct 2014,1.14,1.16,1.135,1.14,13992605
DXS,20 Oct 2014,1.15,1.155,1.13,1.135,10395444
DXS,21 Oct 2014,1.145,1.16,1.14,1.155,26753113
DXS,22 Oct 2014,1.165,1.18,1.165,1.175,17853682
DXS,23 Oct 2014,1.175,1.187,1.172,1.185,14087388
DXS,24 Oct 2014,1.195,1.2,1.18,1.19,26921940
DXS,27 Oct 2014,1.2,1.205,1.19,1.205,17889516
DXS,28 Oct 2014,1.21,1.215,1.2,1.21,15247294
DXS,29 Oct 2014,1.21,1.22,1.195,1.195,12873802
DXS,30 Oct 2014,1.195,1.205,1.19,1.205,15299559
DXS,31 Oct 2014,1.21,1.21,1.2,1.21,15364118
DXS,03 Nov 2014,1.205,1.23,1.205,1.215,21752024
DXS,04 Nov 2014,1.22,1.225,1.21,1.21,12465882
DXS,17 Nov 2014,7.26,7.31,7.13,7.14,1400141
DXS,18 Nov 2014,7.16,7.2,7.06,7.15,2255012
DXS,19 Nov 2014,7.2,7.2,6.975,7.11,1976152
DXS,20 Nov 2014,7.05,7.115,6.97,6.97,2743257
DXS,21 Nov 2014,6.9,7.12,6.9,6.97,2253135
DXS,24 Nov 2014,7.03,7.065,6.99,6.99,1847965
DXS,25 Nov 2014,6.95,6.97,6.88,6.93,3182287
DXS,26 Nov 2014,6.98,7.07,6.98,7.05,1924380
DXS,27 Nov 2014,7.07,7.17,7.07,7.15,4291701
DXS,28 Nov 2014,7.15,7.16,7.11,7.11,1919201
DXS,01 Dec 2014,7.13,7.19,6.97,6.97,2140477
DXS,02 Dec 2014,7.11,7.18,7.04,7.15,3551137
DXS,03 Dec 2014,7.04,7.145,7.04,7.12,2954269
DXS,04 Dec 2014,7.18,7.29,7.13,7.23,2818257
DXS,05 Dec 2014,7.2,7.29,7.07,7.07,4216300
DXS,08 Dec 2014,7.1,7.13,7.06,7.06,2427318
DXS,09 Dec 2014,7.06,7.06,6.97,6.97,3486827
DXS,10 Dec 2014,7,7.06,6.9,7.06,3755579
DXS,11 Dec 2014,7.02,7.08,6.97,7.06,3504036
DXS,12 Dec 2014,7.04,7.15,7.04,7.15,3047026
DXS,15 Dec 2014,7.07,7.14,7.02,7.05,1760404
DXS,16 Dec 2014,6.99,7.11,6.99,7.05,2361137
DXS,17 Dec 2014,7.05,7.07,7.01,7.04,2703760
DXS,18 Dec 2014,7.04,7.08,7.01,7.03,4273711
DXS,19 Dec 2014,7.1,7.17,7.04,7.1,8000118
DXS,22 Dec 2014,7.15,7.33,7.14,7.33,3622999
DXS,23 Dec 2014,7.27,7.36,7.27,7.28,1567996
DXS,24 Dec 2014,7.33,7.35,7.25,7.32,946002
DXS,29 Dec 2014,7.22,7.37,7.09,7.31,2646832
DXS,30 Dec 2014,7.3,7.3,7.14,7.16,1952122
DXS,31 Dec 2014,7.2,7.2,6.96,6.97,1840589
DXS,02 Jan 2015,7.02,7.07,6.98,7.06,638847
DXS,05 Jan 2015,7.05,7.155,7.02,7.14,1847941
DXS,06 Jan 2015,7.07,7.16,7.03,7.1,2874623
DXS,07 Jan 2015,7.17,7.22,7.11,7.21,4279353
DXS,08 Jan 2015,7.25,7.28,7.23,7.26,2117333
DXS,09 Jan 2015,7.36,7.36,7.25,7.29,2111406
DXS,12 Jan 2015,7.2,7.25,7.16,7.2,2043749
DXS,13 Jan 2015,7.15,7.21,7.11,7.2,1806477
DXS,14 Jan 2015,7.23,7.32,7.155,7.18,2036958
DXS,15 Jan 2015,7.18,7.23,7.16,7.2,2735812
DXS,16 Jan 2015,7.14,7.21,7.05,7.05,2114900
DXS,19 Jan 2015,7.16,7.29,7.15,7.22,2355617
DXS,20 Jan 2015,7.22,7.22,7.12,7.2,1828031
DXS,21 Jan 2015,7.21,7.4,7.19,7.4,2211441
DXS,22 Jan 2015,7.47,7.47,7.34,7.4,2225525
DXS,23 Jan 2015,7.5,7.6,7.43,7.6,1963057
DXS,27 Jan 2015,7.6,7.66,7.56,7.61,1923556
DXS,28 Jan 2015,7.6,7.61,7.54,7.57,1563301
DXS,29 Jan 2015,7.57,7.61,7.54,7.58,3183101
DXS,30 Jan 2015,7.67,7.71,7.64,7.71,5086345
DXS,02 Feb 2015,7.69,7.8,7.66,7.78,3696747
DXS,03 Feb 2015,7.87,8.03,7.74,7.98,3873403
DXS,04 Feb 2015,8.13,8.2,7.8,7.88,5255078
DXS,05 Feb 2015,7.9,8.08,7.85,8.06,2784450
DXS,06 Feb 2015,8.05,8.12,7.99,8.06,1683453
DXS,09 Feb 2015,7.89,8,7.85,8,1807513
DXS,10 Feb 2015,8.05,8.05,7.89,8.04,1075896
DXS,11 Feb 2015,8.1,8.18,8.02,8.04,2078480
DXS,12 Feb 2015,8.08,8.13,7.97,7.99,2653911
DXS,13 Feb 2015,8.16,8.24,8.06,8.19,2402843
DXS,16 Feb 2015,8.16,8.17,8.02,8.05,1817424
DXS,17 Feb 2015,8.05,8.07,7.95,8.02,1871339
DXS,18 Feb 2015,8.2,8.25,7.87,7.92,2121448
DXS,19 Feb 2015,7.77,7.92,7.6,7.65,4291325
DXS,20 Feb 2015,7.75,7.755,7.63,7.69,2020792
DXS,23 Feb 2015,7.66,7.78,7.615,7.75,1941006
DXS,24 Feb 2015,7.73,7.84,7.61,7.64,2594315
DXS,25 Feb 2015,7.68,7.83,7.64,7.82,2284835
DXS,26 Feb 2015,7.79,7.8,7.63,7.63,2522841
DXS,27 Feb 2015,7.73,7.91,7.72,7.9,3560290
DXS,02 Mar 2015,7.91,8.07,7.87,8.03,2735730
DXS,03 Mar 2015,8.12,8.18,7.98,8.05,3662876
DXS,04 Mar 2015,8.1,8.1,8,8.03,1866492
DXS,05 Mar 2015,8.05,8.05,7.87,8,2566003
DXS,06 Mar 2015,8.02,8.06,7.91,8,1186060
DXS,09 Mar 2015,7.87,7.92,7.64,7.65,3525205
DXS,10 Mar 2015,7.65,7.75,7.61,7.67,1616348
DXS,11 Mar 2015,7.64,7.75,7.61,7.75,1680874
DXS,12 Mar 2015,7.69,7.82,7.69,7.79,1581780
DXS,13 Mar 2015,7.88,7.88,7.645,7.68,1748156
DXS,16 Mar 2015,7.63,7.795,7.63,7.74,927496
DXS,17 Mar 2015,7.72,7.79,7.54,7.54,2374874
DXS,18 Mar 2015,7.54,7.58,7.37,7.48,2628934
DXS,19 Mar 2015,7.7,7.75,7.63,7.74,5012293
DXS,20 Mar 2015,7.63,7.77,7.55,7.73,3452771
DXS,23 Mar 2015,7.7,7.79,7.65,7.71,1377520
DXS,24 Mar 2015,7.66,7.78,7.65,7.73,1465704
DXS,25 Mar 2015,7.88,7.89,7.68,7.72,5289496
DXS,26 Mar 2015,7.72,7.74,7.56,7.57,5446747
DXS,27 Mar 2015,7.58,7.72,7.58,7.71,2444269
DXS,30 Mar 2015,7.71,7.71,7.63,7.67,2300462
DXS,31 Mar 2015,7.76,7.83,7.58,7.58,4255560
DXS,01 Apr 2015,7.54,7.68,7.48,7.57,3543164
DXS,02 Apr 2015,7.61,7.66,7.55,7.6,3178849
DXS,07 Apr 2015,7.68,7.72,7.57,7.62,2353868
DXS,08 Apr 2015,7.66,7.78,7.62,7.78,7044842
DXS,09 Apr 2015,7.78,7.78,7.7,7.74,1991369
DXS,10 Apr 2015,7.76,7.78,7.68,7.76,1075418
DXS,13 Apr 2015,7.76,7.84,7.71,7.83,2372261
DXS,14 Apr 2015,7.85,7.85,7.64,7.67,2663902
DXS,15 Apr 2015,7.72,7.72,7.5,7.56,3062559
DXS,16 Apr 2015,7.57,7.7,7.51,7.68,2945397
DXS,17 Apr 2015,7.62,7.69,7.52,7.55,1749305
DXS,20 Apr 2015,7.5,7.605,7.43,7.58,2759708
DXS,21 Apr 2015,7.67,7.69,7.49,7.55,2586770
DXS,22 Apr 2015,7.35,7.415,7.3,7.37,5049503
DXS,23 Apr 2015,7.35,7.4,7.33,7.38,2759205
DXS,24 Apr 2015,7.46,7.48,7.385,7.44,2020908
DXS,27 Apr 2015,7.44,7.49,7.415,7.47,1179205
DXS,28 Apr 2015,7.42,7.48,7.37,7.39,2686496
DXS,29 Apr 2015,7.34,7.445,7.34,7.37,2918519
DXS,30 Apr 2015,7.33,7.39,7.23,7.38,4201994
DXS,01 May 2015,7.3,7.48,7.27,7.44,5986829
DXS,04 May 2015,7.47,7.58,7.4,7.53,2719521
DXS,05 May 2015,7.6,7.7,7.555,7.61,5790490
DXS,06 May 2015,7.59,7.61,7.37,7.39,4004838
DXS,07 May 2015,7.3,7.37,7.275,7.32,4210517
DXS,08 May 2015,7.29,7.42,7.29,7.34,2682330
DXS,11 May 2015,7.39,7.44,7.32,7.35,1894656
DXS,12 May 2015,7.35,7.44,7.26,7.43,3221130
DXS,13 May 2015,7.41,7.48,7.34,7.4,2525624
DXS,14 May 2015,7.36,7.47,7.32,7.47,1902825
DXS,15 May 2015,7.56,7.56,7.4,7.5,1826154
DXS,18 May 2015,7.4,7.54,7.4,7.45,2798221
DXS,19 May 2015,7.47,7.475,7.36,7.42,1923095
DXS,20 May 2015,7.4,7.51,7.39,7.5,2072847
DXS,21 May 2015,7.48,7.53,7.43,7.46,1957826
DXS,22 May 2015,7.53,7.64,7.505,7.62,2481617
DXS,25 May 2015,7.7,7.7,7.55,7.57,1928129
DXS,26 May 2015,7.58,7.81,7.56,7.81,4182986
DXS,27 May 2015,7.73,7.83,7.655,7.81,3578374
DXS,28 May 2015,7.9,7.9,7.71,7.82,2317980
DXS,29 May 2015,7.8,8.01,7.795,8.01,7339891
DXS,01 Jun 2015,7.9,7.99,7.77,7.98,2834298
DXS,02 Jun 2015,7.91,7.92,7.71,7.72,3626503
DXS,03 Jun 2015,7.66,7.75,7.61,7.75,3552224
DXS,04 Jun 2015,7.75,7.75,7.53,7.56,2392789
DXS,05 Jun 2015,7.53,7.63,7.445,7.5,2804285
DXS,09 Jun 2015,7.56,7.59,7.45,7.48,2540573
DXS,10 Jun 2015,7.46,7.54,7.39,7.53,2566664
DXS,11 Jun 2015,7.52,7.53,7.455,7.48,2119323
DXS,12 Jun 2015,7.5,7.55,7.42,7.49,1882949
DXS,15 Jun 2015,7.43,7.49,7.39,7.49,3260343
DXS,16 Jun 2015,7.5,7.52,7.4,7.4,5681851
DXS,17 Jun 2015,7.51,7.52,7.44,7.48,6032716
DXS,18 Jun 2015,7.43,7.5,7.28,7.37,4667190
DXS,19 Jun 2015,7.44,7.625,7.41,7.53,5939217
DXS,22 Jun 2015,7.57,7.76,7.56,7.74,2889946
DXS,23 Jun 2015,7.78,7.8,7.66,7.8,2767502
DXS,24 Jun 2015,7.75,7.75,7.61,7.7,2838593
DXS,25 Jun 2015,7.6,7.72,7.55,7.59,2603800
DXS,26 Jun 2015,7.34,7.34,7.22,7.34,4910604
DXS,29 Jun 2015,7.24,7.37,7.17,7.21,3148374
DXS,30 Jun 2015,7.12,7.33,7.1,7.3,5249223
DXS,01 Jul 2015,7.39,7.4,7.145,7.35,4686508
DXS,02 Jul 2015,7.35,7.48,7.35,7.37,3651728
DXS,03 Jul 2015,7.31,7.35,7.22,7.28,2775882
DXS,06 Jul 2015,7.19,7.24,7.145,7.17,2314872
DXS,07 Jul 2015,7.22,7.34,7.22,7.24,4862372
DXS,08 Jul 2015,7.18,7.28,7.17,7.22,3457347
DXS,09 Jul 2015,7.16,7.23,7.1,7.22,3053397
DXS,10 Jul 2015,7.28,7.28,7.19,7.26,1994294
DXS,13 Jul 2015,7.2,7.285,7.18,7.19,2203811
DXS,14 Jul 2015,7.31,7.4,7.27,7.35,1977003
DXS,15 Jul 2015,7.31,7.45,7.31,7.44,1894714
DXS,16 Jul 2015,7.58,7.6,7.47,7.6,3520402
DXS,17 Jul 2015,7.63,7.64,7.48,7.56,1614284
DXS,20 Jul 2015,7.56,7.57,7.49,7.54,1728532
DXS,21 Jul 2015,7.6,7.62,7.52,7.6,2400661
DXS,22 Jul 2015,7.59,7.61,7.47,7.53,2519465
DXS,23 Jul 2015,7.52,7.555,7.48,7.49,1786206
DXS,24 Jul 2015,7.42,7.6,7.42,7.53,2604618
DXS,27 Jul 2015,7.47,7.73,7.47,7.73,1967826
DXS,28 Jul 2015,7.64,7.72,7.59,7.64,3904194
DXS,29 Jul 2015,7.69,7.75,7.61,7.7,3037718
DXS,30 Jul 2015,7.66,7.7,7.585,7.65,2883223
DXS,31 Jul 2015,7.69,7.78,7.67,7.78,4133868
DXS,03 Aug 2015,7.78,7.82,7.71,7.71,2958146
DXS,04 Aug 2015,7.74,7.895,7.7,7.86,3032542
DXS,05 Aug 2015,7.87,7.95,7.78,7.89,3426687
DXS,06 Aug 2015,7.8,7.87,7.77,7.8,3197550
DXS,07 Aug 2015,7.68,7.74,7.63,7.64,2081212
DXS,10 Aug 2015,7.62,7.74,7.6,7.74,2764661
DXS,11 Aug 2015,7.72,7.76,7.54,7.59,2853759
DXS,12 Aug 2015,7.64,7.72,7.49,7.54,2338623
DXS,13 Aug 2015,7.55,7.75,7.55,7.61,3394959
DXS,14 Aug 2015,7.62,7.79,7.58,7.63,2091085
DXS,17 Aug 2015,7.63,7.73,7.63,7.66,1887110
DXS,18 Aug 2015,7.78,7.79,7.66,7.71,3511984
DXS,19 Aug 2015,7.75,7.8,7.7,7.76,2129755
DXS,20 Aug 2015,7.65,7.74,7.59,7.63,2573980
DXS,21 Aug 2015,7.47,7.57,7.41,7.56,3846535
DXS,24 Aug 2015,7.39,7.42,7.22,7.22,4342037
DXS,25 Aug 2015,7.06,7.58,7.05,7.56,6081086
DXS,26 Aug 2015,7.41,7.54,7.36,7.4,4984368
DXS,27 Aug 2015,7.43,7.595,7.41,7.57,2466176
DXS,28 Aug 2015,7.57,7.65,7.35,7.41,3390333
DXS,31 Aug 2015,7.37,7.46,7.31,7.37,4290349
DXS,01 Sep 2015,7.4,7.41,7.28,7.38,4359257
DXS,02 Sep 2015,7.36,7.43,7.29,7.38,3934416
DXS,03 Sep 2015,7.42,7.52,7.28,7.34,3262949
DXS,04 Sep 2015,7.33,7.38,7.22,7.32,2267697
DXS,07 Sep 2015,7.39,7.43,7.3,7.43,2050614
DXS,08 Sep 2015,7.49,7.55,7.44,7.55,2929740
DXS,09 Sep 2015,7.65,7.66,7.55,7.62,3312851
DXS,10 Sep 2015,7.5,7.555,7.41,7.44,2814836
DXS,11 Sep 2015,7.4,7.46,7.34,7.36,5057990
DXS,14 Sep 2015,7.4,7.43,7.365,7.41,6751317
DXS,15 Sep 2015,7.38,7.41,7.22,7.23,4169579
DXS,16 Sep 2015,7.32,7.35,7.21,7.29,3575371
DXS,17 Sep 2015,7.38,7.44,7.33,7.34,3281857
DXS,18 Sep 2015,7.34,7.34,7.23,7.26,5910523
DXS,21 Sep 2015,7.2,7.21,7.065,7.13,2638697
DXS,22 Sep 2015,7.18,7.21,7.145,7.18,3221102
DXS,23 Sep 2015,7.2,7.2,7.06,7.08,2465574
DXS,24 Sep 2015,7.14,7.31,7.14,7.28,4121853
DXS,25 Sep 2015,7.34,7.43,7.29,7.32,2708329
DXS,28 Sep 2015,7.3,7.4,7.28,7.36,2509216
DXS,29 Sep 2015,7.17,7.19,7.05,7.06,4612836
DXS,30 Sep 2015,7.09,7.2,7.06,7.15,6804150
DXS,01 Oct 2015,7.21,7.37,7.2,7.31,3580045
DXS,02 Oct 2015,7.19,7.31,7.15,7.18,2523474
DXS,05 Oct 2015,7.25,7.32,7.21,7.31,1673388
DXS,06 Oct 2015,7.35,7.4,7.295,7.31,2730551
DXS,07 Oct 2015,7.49,7.49,7.34,7.35,3343916
DXS,08 Oct 2015,7.45,7.46,7.27,7.27,1972768
DXS,09 Oct 2015,7.34,7.42,7.29,7.37,2764388
DXS,12 Oct 2015,7.31,7.34,7.18,7.21,1661800
DXS,13 Oct 2015,7.2,7.245,7.15,7.21,3206673
DXS,14 Oct 2015,7.14,7.22,7.13,7.21,1759857
DXS,15 Oct 2015,7.27,7.37,7.24,7.32,3722064
DXS,16 Oct 2015,7.38,7.45,7.33,7.44,2569184
DXS,19 Oct 2015,7.44,7.48,7.41,7.45,1702534
DXS,20 Oct 2015,7.47,7.51,7.43,7.49,1876219
DXS,21 Oct 2015,7.45,7.55,7.41,7.53,2134320
DXS,22 Oct 2015,7.45,7.76,7.43,7.76,3287628
DXS,23 Oct 2015,7.84,7.87,7.71,7.73,3874611
DXS,26 Oct 2015,7.8,7.83,7.72,7.81,1848494
DXS,27 Oct 2015,7.86,7.88,7.755,7.79,2442683
DXS,28 Oct 2015,7.77,7.89,7.64,7.84,1761349
DXS,29 Oct 2015,7.84,7.9,7.76,7.79,1320383
DXS,30 Oct 2015,7.71,7.8,7.7,7.74,1594095
DXS,31 Oct 2015,7.71,7.8,7.7,7.74,1594095
DXS,02 Nov 2015,7.78,7.78,7.57,7.62,2921587
DXS,03 Nov 2015,7.57,7.73,7.55,7.63,2676343
DXS,04 Nov 2015,7.75,7.86,7.68,7.7,2292810
DXS,05 Nov 2015,7.65,7.67,7.59,7.64,1660900
DXS,06 Nov 2015,7.65,7.73,7.64,7.73,1529924
DXS,09 Nov 2015,7.69,7.71,7.56,7.58,2590849
DXS,10 Nov 2015,7.53,7.55,7.39,7.42,4086431
DXS,11 Nov 2015,7.45,7.53,7.42,7.52,3114918
DXS,12 Nov 2015,7.45,7.51,7.43,7.5,1675150
DXS,13 Nov 2015,7.34,7.49,7.33,7.45,2967455
DXS,16 Nov 2015,7.29,7.4,7.27,7.34,3261299
DXS,17 Nov 2015,7.38,7.47,7.31,7.47,3742944
DXS,18 Nov 2015,7.41,7.62,7.39,7.6,4022152
DXS,19 Nov 2015,7.67,7.7,7.59,7.69,4258970
DXS,20 Nov 2015,7.69,7.75,7.64,7.73,4729165
DXS,23 Nov 2015,7.72,7.81,7.715,7.76,1493658
DXS,24 Nov 2015,7.76,7.82,7.75,7.76,1859014
DXS,25 Nov 2015,7.73,7.77,7.62,7.62,2230052
DXS,26 Nov 2015,7.66,7.78,7.62,7.67,1993263
DXS,27 Nov 2015,7.75,7.77,7.68,7.73,1437461
DXS,30 Nov 2015,7.72,7.76,7.65,7.68,2737984
DXS,01 Dec 2015,7.68,7.95,7.645,7.95,3017286
DXS,02 Dec 2015,7.93,7.96,7.86,7.87,2793666
DXS,03 Dec 2015,7.76,7.84,7.72,7.79,2528891
DXS,04 Dec 2015,7.64,7.76,7.61,7.65,2698979
DXS,07 Dec 2015,7.79,7.84,7.66,7.73,2409266
DXS,08 Dec 2015,7.65,7.86,7.65,7.8,1326289
DXS,09 Dec 2015,7.75,7.77,7.62,7.66,2495851
DXS,10 Dec 2015,7.71,7.73,7.52,7.56,2371663
DXS,11 Dec 2015,7.59,7.71,7.51,7.62,2362356
DXS,14 Dec 2015,7.52,7.565,7.47,7.47,1694717
DXS,15 Dec 2015,7.43,7.58,7.43,7.51,2289940
DXS,16 Dec 2015,7.56,7.77,7.54,7.77,3375044
DXS,17 Dec 2015,7.8,7.83,7.72,7.72,7235424
DXS,18 Dec 2015,7.6,7.76,7.545,7.69,5384146
DXS,21 Dec 2015,7.66,7.72,7.57,7.58,2733641
DXS,22 Dec 2015,7.63,7.69,7.53,7.54,4658676
DXS,23 Dec 2015,7.57,7.6,7.5,7.5,3270032
DXS,24 Dec 2015,7.65,7.67,7.53,7.67,1520678
DXS,29 Dec 2015,7.43,7.48,7.37,7.47,3237102
DXS,30 Dec 2015,7.59,7.62,7.49,7.6,1907516
DXS,31 Dec 2015,7.65,7.65,7.5,7.5,1425893
DXS,04 Jan 2016,7.58,7.68,7.46,7.49,2658953
DXS,05 Jan 2016,7.46,7.48,7.34,7.34,2253563
DXS,06 Jan 2016,7.39,7.45,7.28,7.37,2630307
DXS,07 Jan 2016,7.33,7.41,7.22,7.23,3619907
DXS,08 Jan 2016,7.19,7.25,7.11,7.22,3087488
DXS,11 Jan 2016,7.12,7.17,7.06,7.15,2457194
DXS,12 Jan 2016,7.18,7.27,7.12,7.15,2927443
DXS,13 Jan 2016,7.13,7.26,7.1,7.2,2362991
DXS,14 Jan 2016,7.06,7.19,7.04,7.05,3552309
DXS,15 Jan 2016,7.2,7.27,6.99,7.06,4190106
DXS,18 Jan 2016,6.96,7.12,6.92,7.1,2265538
DXS,19 Jan 2016,7.19,7.345,7.13,7.27,4021935
DXS,20 Jan 2016,7.22,7.35,7.22,7.35,4015615
DXS,21 Jan 2016,7.39,7.42,7.17,7.19,6241671
DXS,22 Jan 2016,7.26,7.37,7.13,7.28,3341291
DXS,25 Jan 2016,7.38,7.38,7.21,7.28,2610698
DXS,27 Jan 2016,7.39,7.43,7.29,7.34,2933468
DXS,28 Jan 2016,7.31,7.42,7.26,7.4,1808152
DXS,29 Jan 2016,7.32,7.42,7.31,7.36,4379554
DXS,01 Feb 2016,7.51,7.55,7.39,7.4,2706179
DXS,02 Feb 2016,7.36,7.5,7.36,7.45,2970825
DXS,03 Feb 2016,7.34,7.43,7.33,7.35,2041514
DXS,04 Feb 2016,7.34,7.5,7.31,7.49,2745426
DXS,05 Feb 2016,7.43,7.48,7.38,7.48,2599428
DXS,08 Feb 2016,7.39,7.59,7.39,7.59,2848403
DXS,09 Feb 2016,7.49,7.535,7.26,7.26,3501136
DXS,10 Feb 2016,7.28,7.29,7.095,7.15,3121341
DXS,11 Feb 2016,7.16,7.28,7.12,7.26,2498041
DXS,12 Feb 2016,7.25,7.34,7.165,7.18,5082048
DXS,15 Feb 2016,7.19,7.36,7.19,7.36,2768358
DXS,16 Feb 2016,7.44,7.55,7.28,7.55,3394724
DXS,17 Feb 2016,7.53,7.65,7.29,7.33,3484153
DXS,18 Feb 2016,7.35,7.38,7.21,7.22,4919792
DXS,19 Feb 2016,7.23,7.36,7.23,7.36,3205082
DXS,22 Feb 2016,7.38,7.46,7.36,7.45,2250558
DXS,23 Feb 2016,7.47,7.5,7.39,7.47,2052473
DXS,24 Feb 2016,7.45,7.49,7.36,7.43,1866156
DXS,25 Feb 2016,7.49,7.49,7.36,7.42,2004915
DXS,26 Feb 2016,7.49,7.53,7.39,7.52,3215980
DXS,29 Feb 2016,7.54,7.59,7.47,7.53,3891339
DXS,01 Mar 2016,7.52,7.69,7.49,7.68,3718953
DXS,02 Mar 2016,7.71,7.75,7.655,7.71,3009277
DXS,03 Mar 2016,7.69,7.85,7.66,7.85,4846725
DXS,04 Mar 2016,7.81,7.86,7.52,7.53,3210093
DXS,07 Mar 2016,7.56,7.62,7.47,7.58,3347816
DXS,08 Mar 2016,7.58,7.73,7.54,7.68,4270852
DXS,09 Mar 2016,7.68,7.81,7.65,7.76,3517282
DXS,10 Mar 2016,7.79,7.95,7.77,7.89,4088007
DXS,11 Mar 2016,7.9,7.94,7.82,7.83,2813644
DXS,14 Mar 2016,7.75,7.79,7.68,7.74,1702303
DXS,15 Mar 2016,7.75,7.85,7.73,7.8,2368747
DXS,16 Mar 2016,7.84,7.86,7.78,7.84,2075839
DXS,17 Mar 2016,7.87,7.96,7.87,7.95,3072533
DXS,18 Mar 2016,7.97,7.99,7.855,7.94,3649380
DXS,21 Mar 2016,7.94,8.05,7.9,7.98,1768289
DXS,22 Mar 2016,7.94,7.99,7.78,7.86,2276207
DXS,23 Mar 2016,7.85,7.86,7.735,7.82,2101100
DXS,24 Mar 2016,7.76,7.95,7.76,7.9,2309036
DXS,29 Mar 2016,7.94,8.03,7.87,7.9,2069656
DXS,30 Mar 2016,7.89,8,7.86,7.86,2442057
DXS,31 Mar 2016,7.94,7.99,7.92,7.94,2273297
DXS,01 Apr 2016,7.86,7.9,7.755,7.79,1937712
